  0,  0,  0,  0,  0,  0,  0,  0,  0,  0,  0,  0,  0,  0,  0,  0,  0,  0,  0,  0,  0,  0,  0,  0,  0,  0,  0,  0,  0,  0,  0,  0,  0,  0,  0,  0,  0,  0,  0,  0,  0,  0,  0,  0,  0,  0,  0,  0,  0,  0,  0,  0,  0,  0,  0,  0,  0,  0,  0,  0,  0,  0,  0,  0,  0,  0,  0,  0,  0,  0,  0,  0,  0,  0,  0,  0,  0,  0,  0,  0,  0,  0,  0,  0,  0,  0,  0,  0,  0,  0,  0,  0,  0,  0,  0,  0,  0,  0,  0,  0,  0,  0,  0,  0,  0,  0,  0,  0,  0,  0,  0,  0,  0,  0,  0,  0,  0,  0,  0,  0,  0,  0,  0,  0,  0,  0,  0,  0,  0,  0
  0,  0,  0,  0,  0,  0,  0,  0,  0,  0,  0,  0,  0,  0,  0,  0,  0,  0,  0, 72, 72, 80, 75, 70, 74, 80, 69, 80, 70, 84, 68, 75, 67, 72, 82,  0,  0,  0,  0,  0,  0,  0,  0,  0,  0,  0,  0,  0, 63, 59,  0,  0,  0,  0,  0,  0,  0,  0,  0,  0,  0,  0,  0,  0,  0,  0,  0,  0,  0,  0,  0,  0,  0,  0,  0, 48, 43,  0, 29,  0,  0,  0,  0,  0,  0,  0,  0,  0,  0,  0,  0,  0,  0,  0,  0,  0,  0,  0,  0,  0,  0,  0,  0,  0,  0,  0,  0,  0,  0,  0,  0,  0,  0,  0,  0,  0,  0,  0,  0,  0,  0,  0,  0,  0,  0,  0,  0,  0,  0,  0
  0,  0,  0,  0,  0, 43, 75, 73, 85, 76, 86, 74, 74, 78, 71, 88,  0,  0,  0,  0,  0,  0,  0,  0,  0,  0,  0,  0,  0,  0,  0,  0,  0,  0, 44, 61, 75, 54,  0,  0, 45, 42, 34, 30, 43, 33, 37, 32, 78, 58, 79, 71, 65, 78, 71, 84, 60,  0,  0,  0,  0,  0,  0,  0,  0,  0,  0,  0,  0,  0,  0, 24, 71,  0,  0, 44, 65, 52, 48, 51, 44,  0,  0,  0,  0,  0,  0, 41, 38,  0,  0,  0,  0,  0,  0,  0,  0,  0,  0,  0,  0,  0,  0,  0,  0,  0,  0,  0,  0,  0,  0,  0,  0,  0,  0,  0,  0,  0,  0,  0,  0,  0,  0,  0,  0,  0,  0,  0,  0,  0
  0,  0,  0,  0,  0,  0,  0,  0,  0,  0,  0,  0,  0,  0,  0,  0, 73, 69, 71, 62, 60, 70, 64, 76, 64, 68, 68, 72, 64, 81, 67, 72, 65, 72, 65, 81, 69, 69, 64, 67, 38,  0,  0, 30, 42,  0,  0,  0, 74,  0, 59, 43,  0,  0,  0, 63, 79, 77, 61,  0,  0,  0,  0,  0,  0,  0,  0,  0,  0,  0,104, 37, 70, 70,  0,  0, 69, 77, 53, 75, 74, 49, 53,  0,  0,  0,  0, 32, 54, 33,  0,  0,  0,  0,  0,  0,  0,  0,  0,  0,  0,  0,  0,  0,  0,  0,  0,  0,  0,  0,  0,  0,  0,  0,  0,  0,  0,  0,  0,  0,  0,  0,  0,  0,  0,  0,  0,  0,  0,  0
  0,  0,  0,  0,  0,  0,  0,  0,  0,  0,  0,  0,  0,  0,  0,  0,  0,  0,  0,  0,  0,  0,  0,  0,  0,  0,  0,  0,  0,  0,  0,  0,  0,  0,  0,  0,  0,  0,  0, 64, 78, 59,  0, 20,  0,  0,  0,  0, 86,  0,  0, 50, 60,  0,  0,  0,  0, 59, 68, 82, 71,  0,  0,  0,  0,  0,  0,  0,  0,  0, 93, 32, 21, 78,  0,  0,  0, 41, 56,  0, 60, 69, 65, 57, 65,  0,  0, 50, 27, 52, 34,  0,  0,  0,  0,  0,  0,  0,  0,  0,  0,  0,  0,  0,  0,  0,  0,  0,  0,  0,  0,  0,  0,  0,  0,  0,  0,  0,  0,  0,  0,  0,  0,  0,  0,  0,  0,  0,  0,  0
  0,  0,  0,  0,  0,  0,  0,  0,  0,  0,  0,  0,  0,  0,  0,  0,  0,  0,  0,  0,  0,  0,  0,  0,  0,  0,  0,  0,  0,  0,  0,  0,  0,  0,  0,  0,  0,  0,  0,  0,  0, 54, 56, 80,  0,  0,  0,  0, 71,  0,  0,  0, 58, 54, 39,  0,  0,  0,  0,  0, 76, 79, 67, 79,  0,  0,  0,  0,  0,  0, 96, 37, 44, 80,  0,  0,  0,  0, 64, 57, 54, 61, 54, 57, 57, 50, 51, 49, 48,  0, 61, 59, 61, 63, 52,  0,  0,  0,  0,  0,  0,  0,  0,  0,  0,  0,  0,  0,  0,  0,  0,  0,  0,  0,  0,  0,  0,  0,  0,  0,  0,  0,  0,  0,  0,  0,  0,  0,  0,  0
  0,  0,  0,  0,  0,  0,  0,  0,  0,  0,  0,  0,  0,  0,  0,  0,  0,  0,  0,  0,  0,  0,  0,  0,  0,  0,  0,  0,  0,  0,  0,  0,  0,  0,  0,  0,  0,  0,  0,  0,  0,  0,  0, 56,  0,  0,  0,  0, 65,  0,  0,  0,  0,  0, 75, 53,  0,  0,  0,  0,  0,  0,  0, 71, 74, 62, 68,  0,  0,  0,109, 38, 62, 78,  0,  0,  0,  0, 17, 27, 58, 53, 57, 54, 47, 60, 51, 56, 57, 53, 51, 47, 39, 50, 45, 52, 46, 39, 64,  0,  0,  0,  0,  0,  0,  0,  0,  0,  0,  0,  0,  0,  0,  0,  0,  0,  0,  0,  0,  0,  0,  0,  0,  0,  0,  0,  0,  0,  0,  0
  0,  0,  0,  0,  0,  0,  0,  0,  0,  0,  0,  0,  0,  0,  0,  0,  0,  0,  0,  0,  0,  0,  0,  0,  0,  0,  0,  0,  0,  0,  0,  0,  0,  0,  0,  0,  0,  0,  0,  0,  0,  0,  0, 57,  0,  0,  0,  0, 88,  0,  0,  0,  0,  0,  0, 48, 60, 34,  0,  0,  0,  0,  0,  0,  0, 68, 62, 70, 71, 60,106, 64, 65, 71, 69,  0,  0,  0,  0,  0,  0, 62, 57, 62, 64, 74,  0,  0, 39, 57, 56, 61, 46, 45, 61, 45,  0,  0, 62, 38,  4,  0, 22,  0,  0,  0,  0,  0,  0,  0,  0,  0,  0,  0,  0,  0,  0,  0,  0,  0,  0,  0,  0,  0,  0,  0,  0,  0,  0,  0
  0,  0,  0,  0,  0,  0,  0,  0,  0,  0,  0,  0,  0,  0,  0,  0,  0,  0,  0,  0,  0,  0,  0,  0,  0,  0,  0,  0,  0,  0,  0,  0,  0,  0,  0,  0,  0,  0,  0,  0,  0,  0, 11, 65,  0,  0,  0,  0, 77,  0,  0,  0,  0,  0,  0,  0,  0, 60, 36,  0,  0,  0,  0,  0,  0,  0,  0,  0,  0, 70, 66, 99, 57, 79, 58, 73, 53, 50, 36, 38, 42, 48, 53, 69, 70, 74, 66, 72, 63, 57, 68, 70, 77, 64, 68, 59, 53, 88, 44,  0, 35, 33, 27,  0,  0,  0,  0,  0,  0,  0,  0,  0,  0,  0,  0,  0,  0,  0,  0,  0,  0,  0,  0,  0,  0,  0,  0,  0,  0,  0
  0,  0,  0,  0,  0,  0,  0,  0,  0,  0,  0,  0,  0,  0,  0,  0,  0,  0,  0,  0,  0,  0,  0,  0,  0,  0,  0,  0,  0,  0,  0,  0,  0,  0,  0,  0,  0,  0,  0,  0,  0,  0, 43, 72,  0,  0,  0,  0, 71,  0,  0,  0,  0,  0,  0,  0,  0,  0, 69, 49,  0,  0,  0,  0,  0,  0,  0,  0,  0,  0, 67, 93, 69, 67,  0,  0,  0,  0,  0,  0,  0, 67, 76, 76, 74,  0,  0,  0, 50, 65, 74, 72, 74, 72, 74, 74, 59, 66, 61, 67, 30, 46,  0,  0,  0,  0,  0,  0,  0,  0,  0,  0,  0,  0,  0,  0,  0,  0,  0,  0,  0,  0,  0,  0,  0,  0,  0,  0,  0,  0
  0,  0,  0,  0,  0,  0,  0,  0,  0,  0,  0,  0,  0,  0,  0,  0,  0,  0,  0,  0,  0,  0,  0,  0,  0,  0,  0,  0,  0,  0,  0,  0,  0,  0,  0,  0,  0,  0,  0,  0,  0,  0, 55, 78,  0,  0,  0,  0, 78,  0,  0,  0,  0,  0,  0,  0,  0,  0,  0, 51, 60, 50,  0,  0,  0,  0,  0,  0,  0,  0, 51, 99, 54, 61, 69, 71, 72, 58, 74, 64, 68, 69, 77, 70, 70, 99,123, 83, 81, 77, 76, 79, 67, 67, 65, 69, 67, 75,126, 90, 53, 22,  0,  0,  0,  0,  0,  0,  0,  0,  0,  0,  0,  0,  0,  0,  0,  0,  0,  0,  0,  0,  0,  0,  0,  0,  0,  0,  0,  0
  0,  0,  0,  0,  0,  0,  0,  0,  0,  0,  0,  0,  0,  0,  0,  0,  0,  0,  0,  0,  0,  0,  0,  0,  0,  0,  0,  0,  0,  0,  0,  0,  0,  0,  0,  0,  0,  0,  0,  0,  0,  0, 43, 62,  0,  0,  0,  0, 76,  0,  0,  0,  0,  0,  0,  0,  0,  0,  0,  0,  0, 73, 32,  0,  0,  0,  0,  0,  0,  0, 60, 93, 56, 49, 58,  0,  0, 64, 66, 49,  0, 68,  0,108,113,121, 74,101, 93, 94,101, 94, 81, 90, 84, 86, 65, 94, 76, 70, 56, 52, 69,  0,  0,  0,  0,  0,  0,  0,  0,  0,  0,  0,  0,  0,  0,  0,  0,  0,  0,  0,  0,  0,  0,  0,  0,  0,  0,  0
  0,  0,  0,  0,  0,  0,  0,  0,  0,  0,  0,  0,  0,  0,  0,  0,  0,  0,  0,  0,  0,  0,  0,  0,  0,  0,  0,  0,  0,  0,  0,  0,  0,  0,  0,  0,  0,  0,  0,  0,  0,  0, 55, 77,  0,  0,  0,  0, 77,  0,  0,  0,  0,  0,  0,  0,  0,  0,  0,  0,  0,  0, 49, 69,  0,  0,  0,  0,  0,  0, 62, 81, 98,  0, 60,  0, 56, 78,  0,  0, 65,118,130,108, 62, 70, 83, 79, 64, 59, 56, 52, 59, 65, 79, 71, 99, 58, 47,  0,  0,  0,  0,  0,  0,  0,  0,  0,  0,  0,  0,  0,  0,  0,  0,  0,  0,  0,  0,  0,  0,  0,  0,  0,  0,  0,  0,  0,  0,  0
  0,  0,  0,  0,  0,  0,  0,  0,  0,  0,  0,  0,  0,  0,  0,  0,  0,  0,  0,  0,  0,  0,  0,  0,  0,  0,  0,  0,  0,  0,  0,  0,  0,  0,  0,  0,  0,  0,  0,  0,  0,  0, 51, 70, 59,  0,  0,  0, 79,  0,  0,  0,  0,  0,  0,  0,  0,  0,  0,  0,  0,  0,  0, 51, 41,  0,  0,  0,  0, 52,  0, 29, 90,  0, 68,  0, 83,  0,  0,107, 76,115, 74, 74, 70, 68, 57, 64, 54, 47, 82, 67, 85, 77, 66,104, 76, 49,  0,  0,  0,  0,  0,  0,  0,  0,  0,  0,  0,  0,  0,  0,  0,  0,  0,  0,  0,  0,  0,  0,  0,  0,  0,  0,  0,  0,  0,  0,  0,  0
  0,  0,  0,  0,  0,  0,  0,  0,  0,  0,  0,  0,  0,  0,  0,  0,  0,  0,  0,  0,  0,  0,  0,  0,  0,  0,  0,  0,  0,  0,  0,  0,  0,  0,  0,  0,  0,  0,  0,  0,  0,  0, 51, 54, 69,  0,  0, 73, 62,  0,  0,  0,  0,  0,  0,  0,  0,  0,  0,  0,  0,  0,  0,  0, 45, 66,  0,  0,  0, 58,  0, 38, 81,  0, 66, 68, 62,  0, 98,123,136, 89, 81, 69, 53, 56, 60, 70, 71, 67, 53, 56, 74, 70, 54, 60,  0,  0,  0,  0,  0,  0,  0,  0,  0,  0,  0,  0,  0,  0,  0,  0,  0,  0,  0,  0,  0,  0,  0,  0,  0,  0,  0,  0,  0,  0,  0,  0,  0,  0
  0,  0,  0,  0,  0,  0,  0,  0,  0,  0,  0,  0,  0,  0,  0,  0,  0,  0,  0,  0,  0,  0,  0,  0,  0,  0,  0,  0,  0,  0,  0,  0,  0,  0,  0,  0,  0,  0,  0,  0,  0,  0, 55, 61, 83,  0,  0, 82, 49,  0,  0,  0,  0,  0,  0,  0,  0,  0,  0,  0,  0,  0,  0,  0,  0, 44, 58,  0,  0, 51,  0, 52, 85,  0, 60, 59,  0,126,123, 64, 90, 59, 57, 63, 57, 67, 91, 66, 54, 28, 60, 74, 63,  0,  0,  0,  0,  0,  0,  0,  0,  0,  0,  0,  0,  0,  0,  0,  0,  0,  0,  0,  0,  0,  0,  0,  0,  0,  0,  0,  0,  0,  0,  0,  0,  0,  0,  0,  0,  0
  0,  0,  0,  0,  0,  0,  0,  0,  0,  0,  0,  0,  0,  0,  0,  0,  0,  0,  0,  0,  0,  0,  0,  0,  0,  0,  0,  0,  0,  0,  0,  0,  0,  0,  0,  0,  0,  0,  0,  0,  0,  0, 43, 52, 86,  0,  0, 89, 41,  0,  0,  0,  0,  0,  0,  0,  0,  0,  0,  0,  0,  0,  0,  0,  0,  0, 51, 48,  0, 43,  0, 59, 84,  0, 87, 47,110,118, 69, 65, 69, 56, 71, 71, 79, 65,  0,  0, 44, 37, 87, 71,  0,  0,  0,  0,  0,  0,  0,  0,  0,  0,  0,  0,  0,  0,  0,  0,  0,  0,  0,  0,  0,  0,  0,  0,  0,  0,  0,  0,  0,  0,  0,  0,  0,  0,  0,  0,  0,  0
  0,  0,  0,  0,  0,  0,  0,  0,  0,  0,  0,  0,  0,  0,  0,  0,  0,  0,  0,  0,  0,  0,  0,  0,  0,  0,  0,  0,  0,  0,  0,  0,  0,  0,  0,  0,  0,  0,  0,  0,  0,  0, 55, 54, 80,  0,  0, 86, 25,  0,  0,  0,  0,  0,  0,  0,  0,  0,  0,  0,  0,  0,  0,  0,  0,  0,  0, 73,  0, 44,  0, 76, 82,  0, 72,119,120, 59, 63, 72, 68, 71, 64,  0,  0,  0,  0,  0, 74, 67, 87, 59,  0,  0,  0,  0,  0,  0,  0,  0,  0,  0,  0,  0,  0,  0,  0,  0,  0,  0,  0,  0,  0,  0,  0,  0,  0,  0,  0,  0,  0,  0,  0,  0,  0,  0,  0,  0,  0,  0
  0,  0,  0,  0,  0,  0,  0,  0,  0,  0,  0,  0,  0,  0,  0,  0,  0,  0,  0,  0,  0,  0,  0,  0,  0,  0,  0,  0,  0,  0,  0,  0,  0,  0,  0,  0,  0,  0,  0,  0,  0,  0, 56, 64, 79,  0,  0, 90,  0,  0,  0,  0,  0,  0,  0,  0,  0,  0,  0,  0,  0,  0,  0,  0,  0,  0,  0, 44, 58, 44,  0, 79, 87, 68, 53,131, 71, 78, 64, 70, 58,  0,  0,  0,  0,  0,  0, 43, 57, 71, 87,  0,  0,  0,  0,  0,  0,  0,  0,  0,  0,  0,  0,  0,  0,  0,  0,  0,  0,  0,  0,  0,  0,  0,  0,  0,  0,  0,  0,  0,  0,  0,  0,  0,  0,  0,  0,  0,  0,  0
  0,  0,  0,  0,  0,  0,  0,  0,  0,  0,  0,  0,  0,  0,  0,  0,  0,  0,  0,  0,  0,  0,  0,  0,  0,  0,  0,  0,  0,  0,  0,  0,  0,  0,  0,  0,  0,  0,  0,  0,  0,  0, 53, 39, 61, 88, 85, 71,  0,  0,  0,  0,  0,  0,  0,  0,  0,  0,  0,  0,  0,  0,  0,  0,  0,  0,  0,  0, 52, 50,  0, 59, 87, 75,146,138, 64, 68, 75,  0,  0,  0,  0,  0,  0,  0,  0, 65, 61, 82,  0,  0,  0,  0,  0,  0,  0,  0,  0,  0,  0,  0,  0,  0,  0,  0,  0,  0,  0,  0,  0,  0,  0,  0,  0,  0,  0,  0,  0,  0,  0,  0,  0,  0,  0,  0,  0,  0,  0,  0
  0,  0,  0,  0,  0,  0,  0,  0,  0,  0,  0,  0,  0,  0,  0,  0,  0,  0,  0,  0,  0,  0,  0,  0,  0,  0,  0,  0,  0,  0,  0,  0,  0,  0,  0,  0,  0,  0,  0,  0,  0,  0, 55,  0,  0, 71, 72, 43,  0,  0,  0,  0,  0,  0,  0,  0,  0,  0,  0,  0,  0,  0,  0,  0,  0,  0,  0,  0,  0, 56, 59, 63, 73,109,140, 86, 64, 73, 70,  0,  0,  0,  0,  0,  0,  0,  0, 42, 78, 47,  0,  0,  0,  0,  0,  0,  0,  0,  0,  0,  0,  0,  0,  0,  0,  0,  0,  0,  0,  0,  0,  0,  0,  0,  0,  0,  0,  0,  0,  0,  0,  0,  0,  0,  0,  0,  0,  0,  0,  0
  0,  0,  0,  0,  0,  0,  0,  0,  0,  0,  0,  0,  0,  0,  0,  0,  0,  0,  0,  0,  0,  0,  0,  0,  0,  0,  0,  0,  0,  0,  0,  0,  0,  0,  0,  0,  0,  0,  0,  0,  0,  0, 60,  0,  0, 85, 68, 54,  0,  0,  0,  0,  0,  0,  0,  0,  0,  0,  0,  0,  0,  0,  0,  0,  0,  0,  0,  0,  0, 43, 58, 65,  0,106, 66, 61, 56, 80,  0,  0,  0,  0,  0,  0,  0,  0, 32, 50, 84,  0,  0,  0,  0,  0,  0,  0,  0,  0,  0,  0,  0,  0,  0,  0,  0,  0,  0,  0,  0,  0,  0,  0,  0,  0,  0,  0,  0,  0,  0,  0,  0,  0,  0,  0,  0,  0,  0,  0,  0,  0
  0,  0,  0,  0,  0,  0,  0,  0,  0,  0,  0,  0,  0,  0,  0,  0,  0,  0,  0,  0,  0,  0,  0,  0,  0,  0,  0,  0,  0,  0,  0,  0,  0,  0,  0,  0,  0,  0,  0,  0,  0,  0, 54,  0,  0, 80, 98, 53,  0,  0,  0,  0,  0,  0,  0,  0,  0,  0,  0,  0,  0,  0,  0,  0,  0,  0,  0,  0,  0, 44,  0, 55, 60,110, 70, 79, 71, 76,  0,  0,  0,  0,  0,  0,  0, 42, 43, 49, 37,  0,  0,  0,  0,  0,  0,  0,  0,  0,  0,  0,  0,  0,  0,  0,  0,  0,  0,  0,  0,  0,  0,  0,  0,  0,  0,  0,  0,  0,  0,  0,  0,  0,  0,  0,  0,  0,  0,  0,  0,  0
  0,  0,  0,  0,  0,  0,  0,  0,  0,  0,  0,  0,  0,  0,  0,  0,  0,  0,  0,  0,  0,  0,  0,  0,  0,  0,  0,  0,  0,  0,  0,  0,  0,  0,  0,  0,  0,  0,  0,  0,  0,  0, 42,  0,  0, 82, 66, 44,  0,  0,  0,  0,  0,  0,  0,  0,  0,  0,  0,  0,  0,  0,  0,  0,  0,  0,  0,  0,  0, 44, 36, 50, 90,118,129, 75, 66,  0,  0,  0,  0,  0,  0,  0,  0, 49,  0, 54,  3,  0,  0,  0,  0,  0,  0,  0,  0,  0,  0,  0,  0,  0,  0,  0,  0,  0,  0,  0,  0,  0,  0,  0,  0,  0,  0,  0,  0,  0,  0,  0,  0,  0,  0,  0,  0,  0,  0,  0,  0,  0
  0,  0,  0,  0,  0,  0,  0,  0,  0,  0,  0,  0,  0,  0,  0,  0,  0,  0,  0,  0,  0,  0,  0,  0,  0,  0,  0,  0,  0,  0,  0,  0,  0,  0,  0,  0,  0,  0,  0,  0,  0,  0, 43,  0,  0, 65, 79, 43,  0,  0,  0,  0,  0,  0,  0,  0,  0,  0,  0,  0,  0,  0,  0,  0,  0,  0,  0,  0,  0,  0, 53, 62,126,157, 69, 91, 60,  0,  0,  0,  0,  0,  0,  0,  0, 27,  0, 49,  0,  0,  0,  0,  0,  0,  0,  0,  0,  0,  0,  0,  0,  0,  0,  0,  0,  0,  0,  0,  0,  0,  0,  0,  0,  0,  0,  0,  0,  0,  0,  0,  0,  0,  0,  0,  0,  0,  0,  0,  0,  0
  0,  0,  0,  0,  0,  0,  0,  0,  0,  0,  0,  0,  0,  0,  0,  0,  0,  0,  0,  0,  0,  0,  0,  0,  0,  0,  0,  0,  0,  0,  0,  0,  0,  0,  0,  0,  0,  0,  0,  0,  0,  0, 39,  0,  0,  0, 76, 53,  0,  0,  0,  0,  0,  0,  0,  0,  0,  0,  0,  0,  0,  0,  0,  0,  0,  0,  0,  0,  0,  0, 59, 77,104,149, 78, 86,  0,  0,  0,  0,  0,  0,  0,  0,  0, 22,  0, 64,  1,  0,  0,  0,  0,  0,  0,  0,  0,  0,  0,  0,  0,  0,  0,  0,  0,  0,  0,  0,  0,  0,  0,  0,  0,  0,  0,  0,  0,  0,  0,  0,  0,  0,  0,  0,  0,  0,  0,  0,  0,  0
  0,  0,  0,  0,  0,  0,  0,  0,  0,  0,  0,  0,  0,  0,  0,  0,  0,  0,  0,  0,  0,  0,  0,  0,  0,  0,  0,  0,  0,  0,  0,  0,  0,  0,  0,  0,  0,  0,  0,  0,  0,  0, 43,  0,  0, 77, 79, 48,  0,  0,  0,  0,  0,  0,  0,  0,  0,  0,  0,  0,  0,  0,  0,  0,  0,  0,  0,  0, 51, 55, 49,118,128,140, 63, 58, 42,  0,  0,  0,  0,  0,  0,  0,  0, 27, 61, 49,  3,  0,  0,  0,  0,  0,  0,  0,  0,  0,  0,  0,  0,  0,  0,  0,  0,  0,  0,  0,  0,  0,  0,  0,  0,  0,  0,  0,  0,  0,  0,  0,  0,  0,  0,  0,  0,  0,  0,  0,  0,  0
  0,  0,  0,  0,  0,  0,  0,  0,  0,  0,  0,  0,  0,  0,  0,  0,  0,  0,  0,  0,  0,  0,  0,  0,  0,  0,  0,  0,  0,  0,  0,  0,  0,  0,  0,  0,  0,  0,  0,  0,  0,  0, 48,  0,  0, 65, 85, 51,  0,  0,  0,  0,  0,  0,  0,  0,  0,  0,  0,  0,  0,  0,  0,  0,  0,  0,  0,  0, 58,  0, 53,132, 73,125, 79, 40, 34,  0,  0,  0,  0,  0,  0,  0,  0, 27, 41, 50,  0,  0,  0,  0,  0,  0,  0,  0,  0,  0,  0,  0,  0,  0,  0,  0,  0,  0,  0,  0,  0,  0,  0,  0,  0,  0,  0,  0,  0,  0,  0,  0,  0,  0,  0,  0,  0,  0,  0,  0,  0,  0
  0,  0,  0,  0,  0,  0,  0,  0,  0,  0,  0,  0,  0,  0,  0,  0,  0,  0,  0,  0,  0,  0,  0,  0,  0,  0,  0,  0,  0,  0,  0,  0,  0,  0,  0,  0,  0,  0,  0,  0,  0,  0, 40,  0,  0, 95, 81, 72,  0,  0,  0,  0,  0,  0,  0,  0,  0,  0,  0,  0,  0,  0,  0,  0,  0,  0,  0, 55, 37,  0, 53,124, 80,115, 91, 48, 29, 46,  0,  0,  0,  0,  0,  0,  0, 23, 72, 64,  0,  0,  0,  0,  0,  0,  0,  0,  0,  0,  0,  0,  0,  0,  0,  0,  0,  0,  0,  0,  0,  0,  0,  0,  0,  0,  0,  0,  0,  0,  0,  0,  0,  0,  0,  0,  0,  0,  0,  0,  0,  0
  0,  0,  0,  0,  0,  0,  0,  0,  0,  0,  0,  0,  0,  0,  0,  0,  0,  0,  0,  0,  0,  0,  0,  0,  0,  0,  0,  0,  0,  0,  0,  0,  0,  0,  0,  0,  0,  0,  0,  0,  0,  0, 50,  0,  0, 65, 74, 62,  0,  0,  0,  0,  0,  0,  0,  0,  0,  0,  0,  0,  0,  0,  0,  0,  0,  0, 50, 49,  0,  0, 53,136, 83, 90, 77, 42, 38, 42,  0,  0,  0,  0,  0,  0,  0, 27, 39, 67,  0,  0,  0,  0,  0,  0,  0,  0,  0,  0,  0,  0,  0,  0,  0,  0,  0,  0,  0,  0,  0,  0,  0,  0,  0,  0,  0,  0,  0,  0,  0,  0,  0,  0,  0,  0,  0,  0,  0,  0,  0,  0
  0,  0,  0,  0,  0,  0,  0,  0,  0,  0,  0,  0,  0,  0,  0,  0,  0,  0,  0,  0,  0,  0,  0,  0,  0,  0,  0,  0,  0,  0,  0,  0,  0,  0,  0,  0,  0,  0,  0,  0,  0,  0, 73,  0,  0, 84,  0, 88,  0,  0,  0,  0,  0,  0,  0,  0,  0,  0,  0,  0,  0,  0,  0,  0,  0, 43,  0,  0,  0,  0, 54,133, 84, 75, 72, 39, 38, 74,  0,  0,  0,  0,  0,  0,  0, 27, 43, 39,  0,  0,  0,  0,  0,  0,  0,  0,  0,  0,  0,  0,  0,  0,  0,  0,  0,  0,  0,  0,  0,  0,  0,  0,  0,  0,  0,  0,  0,  0,  0,  0,  0,  0,  0,  0,  0,  0,  0,  0,  0,  0
  0,  0,  0,  0,  0,  0,  0,  0,  0,  0,  0,  0,  0,  0,  0,  0,  0,  0,  0,  0,  0,  0,  0,  0,  0,  0,  0,  0,  0,  0,  0,  0,  0,  0,  0,  0,  0,  0,  0,  0,  0,  0, 54,  0, 81, 68,  0, 61,  0,  0,  0,  0,  0,  0,  0,  0,  0,  0,  0,  0,  0,  0,  0,  0, 62, 60,  0,  0,  0,  0, 50,149, 75, 58, 77, 70, 41, 66,  0,  0,  0,  0,  0,  0,  0, 27, 68, 43,  0,  0,  0,  0,  0,  0,  0,  0,  0,  0,  0,  0,  0,  0,  0,  0,  0,  0,  0,  0,  0,  0,  0,  0,  0,  0,  0,  0,  0,  0,  0,  0,  0,  0,  0,  0,  0,  0,  0,  0,  0,  0
  0,  0,  0,  0,  0,  0,  0,  0,  0,  0,  0,  0,  0,  0,  0,  0,  0,  0,  0,  0,  0,  0,  0,  0,  0,  0,  0,  0,  0,  0,  0,  0,  0,  0,  0,  0,  0,  0,  0,  0,  0,  0, 43,  0, 86,  0,  0, 79,  0,  0,  0,  0,  0,  0,  0,  0,  0,  0,  0,  0,  0,  0,  0, 69, 34,  0,  0,  0,  0,  0, 53,122, 73, 50, 70, 51, 43, 64,  0,  0,  0,  0,  0,  0,  0, 23, 64, 43,  0,  0,  0,  0,  0,  0,  0,  0,  0,  0,  0,  0,  0,  0,  0,  0,  0,  0,  0,  0,  0,  0,  0,  0,  0,  0,  0,  0,  0,  0,  0,  0,  0,  0,  0,  0,  0,  0,  0,  0,  0,  0
  0,  0,  0,  0,  0,  0,  0,  0,  0,  0,  0,  0,  0,  0,  0,  0,  0,  0,  0,  0,  0,  0,  0,  0,  0,  0,  0,  0,  0,  0,  0,  0,  0,  0,  0,  0,  0,  0,  0,  0,  0,  0, 44,  0, 66,  0, 58, 78,  0,  0,  0,  0,  0,  0,  0,  0,  0,  0,  0,  0,  0,  0, 50,  0,  0,  0,  0,  0,  0,  0, 56,101, 73, 55, 60, 65, 54,  0,  0,  0,  0,  0,  0,  0,  0, 27, 50,  0,  0,  0,  0,  0,  0,  0,  0,  0,  0,  0,  0,  0,  0,  0,  0,  0,  0,  0,  0,  0,  0,  0,  0,  0,  0,  0,  0,  0,  0,  0,  0,  0,  0,  0,  0,  0,  0,  0,  0,  0,  0,  0
  0,  0,  0,  0,  0,  0,  0,  0,  0,  0,  0,  0,  0,  0,  0,  0,  0,  0,  0,  0,  0,  0,  0,  0,  0,  0,  0,  0,  0,  0,  0,  0,  0,  0,  0,  0,  0,  0,  0,  0,  0,  0, 55,  0, 75,  0, 58, 93,  0,  0,  0,  0,  0,  0,  0,  0,  0,  0,  0,  0,  0, 63, 49,  0,  0,  0,  0,  0,  0,  0, 46, 93, 64, 67, 60, 57, 65,  0,  0,  0,  0,  0,  0,  0, 17, 21, 60,  0,  0,  0,  0,  0,  0,  0,  0,  0,  0,  0,  0,  0,  0,  0,  0,  0,  0,  0,  0,  0,  0,  0,  0,  0,  0,  0,  0,  0,  0,  0,  0,  0,  0,  0,  0,  0,  0,  0,  0,  0,  0,  0
  0,  0,  0,  0,  0,  0,  0,  0,  0,  0,  0,  0,  0,  0,  0,  0,  0,  0,  0,  0,  0,  0,  0,  0,  0,  0,  0,  0,  0,  0,  0,  0,  0,  0,  0,  0,  0,  0,  0,  0,  0, 45, 67,  0, 76,  0, 50, 66, 74,  0,  0,  0,  0,  0,  0,  0,  0,  0,  0,  0, 74, 47,  0,  0,  0,  0,  0,  0,  0,  0, 58, 87, 67, 61, 38, 66, 49, 38,  0,  0,  0,  0,  0,  0,  0, 27, 50,  0,  0,  0,  0,  0,  0,  0,  0,  0,  0,  0,  0,  0,  0,  0,  0,  0,  0,  0,  0,  0,  0,  0,  0,  0,  0,  0,  0,  0,  0,  0,  0,  0,  0,  0,  0,  0,  0,  0,  0,  0,  0,  0
  0,  0,  0,  0,  0,  0,  0,  0,  0,  0,  0,  0,  0,  0,  0,  0,  0,  0,  0,  0,  0,  0,  0,  0,  0,  0,  0,  0,  0,  0,  0,  0,  0,  0,  0,  0,  0,  0,  0,  0,  0, 55, 41,  0, 61,  0, 39,  0, 80,  0,  0,  0,  0,  0,  0,  0,  0,  0,  0, 61, 59,  0,  0,  0,  0,  0,  0,  0,  0,  0, 72, 77, 95, 65, 30, 65, 68, 39, 61, 24,  0,  0,  0,  0,  0, 27, 51,  0,  0,  0,  0,  0,  0,  0,  0,  0,  0,  0,  0,  0,  0,  0,  0,  0,  0,  0,  0,  0,  0,  0,  0,  0,  0,  0,  0,  0,  0,  0,  0,  0,  0,  0,  0,  0,  0,  0,  0,  0,  0,  0
  0,  0,  0,  0,  0,  0,  0,  0,  0,  0,  0,  0,  0,  0,  0,  0,  0,  0,  0,  0,  0,  0,  0,  0,  0,  0,  0,  0,  0,  0,  0,  0,  0,  0,  0,  0,  0,  0,  0,  0,  0, 54, 43, 81, 55,  0, 63,  0, 82,  0,  0,  0,  0,  0,  0,  0,  0,  0, 74, 56,  0,  0,  0,  0,  0,  0,  0,  0,  0,  0, 69, 69, 50, 68, 60, 56, 50,  0,  0, 41, 64, 31,  0,  0,  0, 21, 48,  0,  0,  0,  0,  0,  0,  0,  0,  0,  0,  0,  0,  0,  0,  0,  0,  0,  0,  0,  0,  0,  0,  0,  0,  0,  0,  0,  0,  0,  0,  0,  0,  0,  0,  0,  0,  0,  0,  0,  0,  0,  0,  0
  0,  0,  0,  0,  0,  0,  0,  0,  0,  0,  0,  0,  0,  0,  0,  0,  0,  0,  0,  0,  0,  0,  0,  0,  0,  0,  0,  0,  0,  0,  0,  0,  0,  0,  0,  0,  0,  0,  0,  0,  0, 49, 50, 86,  0,  0, 54,  0, 77,  0,  0,  0,  0,  0,  0,  0,  0, 60, 61,  0,  0,  0,  0,  0,  0,  0,  0,  0,  0,  0, 68, 66, 66, 59, 46, 75, 59,  0,  0,  0,  0, 34, 44, 48, 16, 52, 73,  0,  0,  0,  0,  0,  0,  0,  0,  0,  0,  0,  0,  0,  0,  0,  0,  0,  0,  0,  0,  0,  0,  0,  0,  0,  0,  0,  0,  0,  0,  0,  0,  0,  0,  0,  0,  0,  0,  0,  0,  0,  0,  0
  0,  0,  0,  0,  0,  0,  0,  0,  0,  0,  0,  0,  0,  0,  0,  0,  0,  0,  0,  0,  0,  0,  0,  0,  0,  0,  0,  0,  0,  0,  0,  0,  0,  0,  0,  0,  0,  0,  0,  0,  0, 54, 43, 66,  0,  0, 42,  0, 72,  0,  0,  0,  0,  0,  0,  0,  0, 62,  0,  0,  0,  0,  0,  0,  0,  0,  0,  0,  0, 22, 64, 79, 77, 71, 39, 55, 51,  0,  0,  0,  0,  0,  7, 26, 45, 38, 42,  0,  0,  0,  0,  0,  0,  0,  0,  0,  0,  0,  0,  0,  0,  0,  0,  0,  0,  0,  0,  0,  0,  0,  0,  0,  0,  0,  0,  0,  0,  0,  0,  0,  0,  0,  0,  0,  0,  0,  0,  0,  0,  0
  0,  0,  0,  0,  0,  0,  0,  0,  0,  0,  0,  0,  0,  0,  0,  0,  0,  0,  0,  0,  0,  0,  0,  0,  0,  0,  0,  0,  0,  0,  0,  0,  0,  0,  0,  0,  0,  0,  0,  0,  0, 43, 39,102,  0,  0, 56,  0, 48, 84,  0,  0,  0,  0,  0,  0, 77, 42,  0,  0,  0,  0, 36, 51, 54, 48, 57, 47, 47, 52, 57, 42, 75, 63, 45, 62, 11,  9, 26,  0,  0,  0, 34,  0,  0, 38, 65,  0,  0,  0,  0,  0,  0,  0,  0,  0,  0,  0,  0,  0,  0,  0,  0,  0,  0,  0,  0,  0,  0,  0,  0,  0,  0,  0,  0,  0,  0,  0,  0,  0,  0,  0,  0,  0,  0,  0,  0,  0,  0,  0
  0,  0,  0,  0,  0,  0,  0,  0,  0,  0,  0,  0,  0,  0,  0,  0,  0,  0,  0,  0,  0,  0,  0,  0,  0,  0,  0,  0,  0,  0,  0,  0,  0,  0,  0,  0,  0,  0,  0,  0,  0, 68, 71, 65,  0, 63, 54,  0,  0, 76, 70,  0,  0,  0,  0, 58, 50,  0,  0,  0,  0,  0, 17,  0,  0,  0,  0,  0,  0,  0, 56, 66, 70, 60, 53, 62,  9, 13,  9,  9, 27, 24, 18, 13,  0,  0, 43,  0,  0,  0,  0,  0,  0,  0,  0,  0,  0,  0,  0,  0,  0,  0,  0,  0,  0,  0,  0,  0,  0,  0,  0,  0,  0,  0,  0,  0,  0,  0,  0,  0,  0,  0,  0,  0,  0,  0,  0,  0,  0,  0
  0,  0,  0,  0,  0,  0,  0,  0,  0,  0,  0,  0,  0,  0,  0,  0,  0,  0,  0,  0,  0,  0,  0,  0,  0,  0,  0,  0,  0,  0,  0,  0,  0,  0,  0,  0,  0,  0,  0,  0,  0, 53, 89,  0,  0, 56,  0,  0,  0,  0, 90,  0,  0,  0, 42, 58,  0,  0,  0,  0,  0,  0, 20,  0,  0,  0,  0,  0,  0,  0, 56, 76, 67, 70,  0, 56,  0,  0,  0,  0,  0, 38,  0,  0,  0,  0, 62, 37,  0,  0,  0,  0,  0,  0,  0,  0,  0,  0,  0,  0,  0,  0,  0,  0,  0,  0,  0,  0,  0,  0,  0,  0,  0,  0,  0,  0,  0,  0,  0,  0,  0,  0,  0,  0,  0,  0,  0,  0,  0,  0
  0,  0,  0,  0,  0,  0,  0,  0,  0,  0,  0,  0,  0,  0,  0,  0,  0,  0,  0,  0,  0,  0,  0,  0,  0,  0,  0,  0,  0,  0,  0,  0,  0,  0,  0,  0,  0,  0,  0,  0,  0, 51, 69,  0,  0, 75,  0,  0,  0,  0, 49, 85,  0, 56, 62,  0,  0,  0,  0,  0,  0,  0, 45,  0,  0,  0,  0,  0,  0,  0,  0, 84, 91, 86,  0, 47,  0,  0,  0,  0,  0, 53,  0,  0,  0,  0, 35, 60,  0,  0,  0,  0,  0,  0,  0,  0,  0,  0,  0,  0,  0,  0,  0,  0,  0,  0,  0,  0,  0,  0,  0,  0,  0,  0,  0,  0,  0,  0,  0,  0,  0,  0,  0,  0,  0,  0,  0,  0,  0,  0
  0,  0,  0,  0,  0,  0,  0,  0,  0,  0,  0,  0,  0,  0,  0,  0,  0,  0,  0,  0,  0,  0,  0,  0,  0,  0,  0,  0,  0,  0,  0,  0,  0,  0,  0,  0,  0,  0,  0,  0,  0, 48, 88,  0,  0, 74,  0,  0,  0,  0,  0, 80, 57, 46,  0,  0,  0,  0,  0,  0,  0,  0, 41,  0,  0,  0,  0,  0,  0,  0,  0, 68, 78, 70, 73, 59,  0,  0,  0,  0,  0,  2,  0,  0,  0,  0,  0, 60, 35, 12,  0,  0,  0,  0,  0,  0,  0,  0,  0,  0,  0,  0,  0,  0,  0,  0,  0,  0,  0,  0,  0,  0,  0,  0,  0,  0,  0,  0,  0,  0,  0,  0,  0,  0,  0,  0,  0,  0,  0,  0
  0,  0,  0,  0,  0,  0,  0,  0,  0,  0,  0,  0,  0,  0,  0,  0,  0,  0,  0,  0,  0,  0,  0,  0,  0,  0,  0,  0,  0,  0,  0,  0,  0,  0,  0,  0,  0,  0,  0,  0,  0, 51, 71,  0,  0, 46,  0,  0,  0,  0,  0, 47, 92,  0,  0,  0,  0,  0,  0,  0,  0,  0, 56,  0,  0,  0,  0,  0,  0,  0,  0, 63, 75, 64, 48, 56,  0,  0,  0,  0,  0,  0,  0,  0,  0,  0,  0,  0, 53,  0,  0,  0,  0,  0,  0,  0,  0,  0,  0,  0,  0,  0,  0,  0,  0,  0,  0,  0,  0,  0,  0,  0,  0,  0,  0,  0,  0,  0,  0,  0,  0,  0,  0,  0,  0,  0,  0,  0,  0,  0
  0,  0,  0,  0,  0,  0,  0,  0,  0,  0,  0,  0,  0,  0,  0,  0,  0,  0,  0,  0,  0,  0,  0,  0,  0,  0,  0,  0,  0,  0,  0,  0,  0,  0,  0,  0,  0,  0,  0,  0,  0, 70, 95,  0,  0, 49,  0,  0,  0,  0, 56, 68, 55, 78,  0,  0,  0,  0,  0,  0,  0,  0, 69,  0,  0,  0,  0,  0,  0,  0,  0, 68, 70, 98, 59, 67,  0,  0,  0,  0,  0,  0,  0,  0,  0,  0,  0,  0, 58, 54,  0,  0,  0,  0,  0,  0,  0,  0,  0,  0,  0,  0,  0,  0,  0,  0,  0,  0,  0,  0,  0,  0,  0,  0,  0,  0,  0,  0,  0,  0,  0,  0,  0,  0,  0,  0,  0,  0,  0,  0
  0,  0,  0,  0,  0,  0,  0,  0,  0,  0,  0,  0,  0,  0,  0,  0,  0,  0,  0,  0,  0,  0,  0,  0,  0,  0,  0,  0,  0,  0,  0,  0,  0,  0,  0,  0,  0,  0,  0,  0,  0, 80, 78, 38, 59, 39,  0,  0,  0, 62, 55,  0,  0, 84, 63,  0,  0,  0,  0,  0,  0,  0,  0, 93,  0,  0,  0,  0,  0,  0,  0, 67, 71, 80, 80, 59,  0,  0,  0,  0,  0,  0,  0,  0,  0,  0,  0,  0,  0, 58,  0,  0,  0,  0,  0,  0,  0,  0,  0,  0,  0,  0,  0,  0,  0,  0,  0,  0,  0,  0,  0,  0,  0,  0,  0,  0,  0,  0,  0,  0,  0,  0,  0,  0,  0,  0,  0,  0,  0,  0
  0,  0,  0,  0,  0,  0,  0,  0,  0,  0,  0,  0,  0,  0,  0,  0,  0,  0,  0,  0,  0,  0,  0,  0,  0,  0,  0,  0,  0,  0,  0,  0,  0,  0,  0,  0,  0,  0,  0,  0, 60, 97, 75, 54, 46,  0,  0,  0,  0, 55,  0,  0,  0,  0, 93,  0,  0,  0,  0,  0,  0,  0,  0, 95, 67,  0,  0,  0,  0,  0,  0,  0, 74, 70, 71, 49, 64,  0,  0,  0,  0,  0,  0,  0,  0,  0,  0,  0,  0, 58, 70,  0,  0,  0,  0,  0,  0,  0,  0,  0,  0,  0,  0,  0,  0,  0,  0,  0,  0,  0,  0,  0,  0,  0,  0,  0,  0,  0,  0,  0,  0,  0,  0,  0,  0,  0,  0,  0,  0,  0
  0,  0,  0,  0,  0,  0,  0,  0,  0,  0,  0,  0,  0,  0,  0,  0,  0,  0,  0,  0,  0,  0,  0,  0,  0,  0,  0,  0,  0,  0,  0,  0,  0,  0,  0,  0,  0,  0,  0,  0, 63, 71, 45, 63, 70,  0,  0,  0, 60, 47,  0,  0,  0,  0, 56, 76,  0,  0,  0,  0,  0,  0,  0,  0, 73,  0,  0,  0,  0,  0,  0,  0, 64, 99, 85, 57, 75,  0,  0,  0,  0,  0,  0,  0,  0,  0,  0,  0,  0,  0, 60,  0,  0,  0,  0,  0,  0,  0,  0,  0,  0,  0,  0,  0,  0,  0,  0,  0,  0,  0,  0,  0,  0,  0,  0,  0,  0,  0,  0,  0,  0,  0,  0,  0,  0,  0,  0,  0,  0,  0
  0,  0,  0,  0,  0,  0,  0,  0,  0,  0,  0,  0,  0,  0,  0,  0,  0,  0,  0,  0,  0,  0,  0,  0,  0,  0,  0,  0,  0,  0,  0,  0,  0,  0,  0,  0,  0,  0,  0,  0, 66, 82, 68, 63, 56,  0, 59, 53,  0,  0,  0,  0,  0,  0,  0, 77,  0,  0,  0,  0,  0,  0,  0,  0,  0, 81,  0,  0,  0,  0,  0,  0, 75, 93, 85, 88, 51,  0,  0,  0,  0,  0,  0,  0,  0,  0,  0,  0,  0,  0, 47, 50,  0,  0,  0,  0,  0,  0,  0,  0,  0,  0,  0,  0,  0,  0,  0,  0,  0,  0,  0,  0,  0,  0,  0,  0,  0,  0,  0,  0,  0,  0,  0,  0,  0,  0,  0,  0,  0,  0
  0,  0,  0,  0,  0,  0,  0,  0,  0,  0,  0,  0,  0,  0,  0,  0,  0,  0,  0,  0,  0,  0,  0,  0,  0,  0,  0,  0,  0,  0,  0,  0,  0,  0,  0,  0,  0,  0,  0, 61, 75, 65, 62, 84,  0, 44, 58,  0,  0,  0,  0,  0,  0,  0,  0,  0, 76,  0,  0,  0,  0,  0,  0,  0,  0, 90, 78,  0,  0,  0,  0,  0, 75, 80, 78, 76, 56,  0,  0,  0,  0,  0,  0,  0,  0,  0,  0,  0,  0,  0,  0, 63,  0,  0,  0,  0,  0,  0,  0,  0,  0,  0,  0,  0,  0,  0,  0,  0,  0,  0,  0,  0,  0,  0,  0,  0,  0,  0,  0,  0,  0,  0,  0,  0,  0,  0,  0,  0,  0,  0
  0,  0,  0,  0,  0,  0,  0,  0,  0,  0,  0,  0,  0,  0,  0,  0,  0,  0,  0,  0,  0,  0,  0,  0,  0,  0,  0,  0,  0,  0,  0,  0,  0,  0,  0,  0,  0,  0,  0, 55,101, 71, 64,  0, 57, 53,  0,  0,  0,  0,  0,  0,  0,  0,  0,  0, 60, 81,  0,  0,  0,  0,  0,  0,  0,  0, 77,  0,  0,  0,  0,  0, 69, 71, 89, 75, 79,  0,  0,  0,  0,  0,  0,  0,  0,  0,  0,  0,  0,  0,  0, 55, 28,  0,  0,  0,  0,  0,  0,  0,  0,  0,  0,  0,  0,  0,  0,  0,  0,  0,  0,  0,  0,  0,  0,  0,  0,  0,  0,  0,  0,  0,  0,  0,  0,  0,  0,  0,  0,  0
  0,  0,  0,  0,  0,  0,  0,  0,  0,  0,  0,  0,  0,  0,  0,  0,  0,  0,  0,  0,  0,  0,  0,  0,  0,  0,  0,  0,  0,  0,  0,  0,  0,  0,  0,  0,  0,  0,  0, 86, 86, 81, 59, 47, 43,  0,  0,  0,  0,  0,  0,  0,  0,  0,  0,  0,  0, 74, 97, 81,  0,  0,  0,  0,  0,  0, 83, 82,  0,  0,  0,  0, 46, 66, 84, 75, 74,  0,  0,  0,  0,  0,  0,  0,  0,  0,  0,  0,  0,  0,  0,  0, 56,  0,  0,  0,  0,  0,  0,  0,  0,  0,  0,  0,  0,  0,  0,  0,  0,  0,  0,  0,  0,  0,  0,  0,  0,  0,  0,  0,  0,  0,  0,  0,  0,  0,  0,  0,  0,  0
  0,  0,  0,  0,  0,  0,  0,  0,  0,  0,  0,  0,  0,  0,  0,  0,  0,  0,  0,  0,  0,  0,  0,  0,  0,  0,  0,  0,  0,  0,  0,  0,  0,  0,  0,  0,  0,  0, 62, 79, 79, 69, 49, 56,  0,  0,  0,  0,  0,  0,  0,  0,  0,  0,  0,  0,  0,  0,  0, 80, 82, 80,  0,  0,  0,  0,  0, 83,  0,  0,  0,  0, 11, 78, 88, 79, 84, 50,  0,  0,  0,  0,  0,  0,  0,  0,  0,  0,  0,  0,  0,  0, 39,  0,  0,  0,  0,  0,  0,  0,  0,  0,  0,  0,  0,  0,  0,  0, 62,  0,  0,  0,  0,  0,  0,  0,  0,  0,  0,  0,  0,  0,  0,  0,  0,  0,  0,  0,  0,  0
  0,  0,  0,  0,  0,  0,  0,  0,  0,  0,  0,  0,  0,  0,  0,  0,  0,  0,  0,  0,  0,  0,  0,  0,  0,  0,  0,  0,  0,  0,  0,  0,  0,  0,  0,  0,  0,  0, 77, 96, 59, 74, 59,  0,  0,  0,  0,  0,  0,  0,  0,  0,  0,  0,  0,  0,  0,  0,  0,  0,  0, 78,100, 90,  0,  0,  0, 83, 83,  0,  0,  0,  0, 63, 70, 92, 83, 89,  0,  0,  0,  0,  0,  0,  0,  0,  0,  0,  0,  0,  0,  0, 58, 55, 32, 43,  0,  0,  0,  0,  0,  0,  0,  0,  0,  0,  0, 36, 66,  0,  0,  0,  0,  0,  0,  0,  0,  0,  0,  0,  0,  0,  0,  0,  0,  0,  0,  0,  0,  0
  0,  0,  0,  0,  0,  0,  0,  0,  0,  0,  0,  0,  0,  0,  0,  0,  0,  0,  0,  0,  0,  0,  0,  0,  0,  0,  0,  0,  0,  0,  0,  0,  0,  0,  0,  0,  0, 63, 83,  0, 68, 65,136,143,139,147,155,171,183, 50, 49, 56, 49, 63, 55, 58, 69, 55, 71, 54, 62, 53, 60, 73, 81, 81, 56, 64, 89, 77, 55,  0,  0, 37, 80, 58, 77, 75, 69,  0,  0,  0,  0,  0,  0,  0,  0,  0,  0,  0,  0,  0,  0, 59,  0, 34, 29,  0,  0,  0,  0,  0,  0,  0,  0, 59, 58,121,110, 66,  0,  0,  0,  0,  0,  0,  0,  0,  0,  0,  0,  0,  0,  0,  0,  0,  0,  0,  0,  0
  0,  0,  0,  0,  0,  0,  0,  0,  0,  0,  0,  0,  0,  0,  0,  0,  0,  0,  0,  0,  0,  0,  0,  0,  0,  0,  0,  0,  0,  0,  0,  0,  0,  0,  0,  0, 64, 79,126,138,138,149,145,  0,  0, 53, 72, 64,  0,180,189, 90,115,110,112,115,128,113,113,116,110,  0,  0,  0,  0, 76, 87, 90,  0, 96,115,112, 46, 52, 71, 60, 90, 79, 71, 47,  0,  0,  0,  0,  0,  0,  0,  0,  0,  0,  0,  0,  0, 35, 44,  0, 32, 42,  0,  0,  0,  0,  0, 57, 60, 67,119,118, 67, 44, 47, 10,  0,  0,  0,  0,  0,  0,  0,  0,  0,  0,  0,  0,  0,  0,  0,  0,  0,  0
  0,  0,  0,  0,  0,  0,  0,  0,  0,  0,  0,  0,  0,  0,  0,  0,  0,  0,  0,  0,  0,  0,  0,  0,  0,  0,  0,  0,  0,  0,  0,  0,  0,  0,  0, 48, 97,133,143, 60,  0,  0,  0, 71, 63, 80, 69, 57,115,105, 65,182,176, 53, 57, 69, 59, 62, 55, 62,123,116,108,120,113,125,104,108, 92,103, 94,106,109,103,114, 52, 75, 70, 81, 75, 62, 40,  0,  0,  0,  0,  0,  0,  0,  0,  0,  0,  0,  0, 56,  0,  0, 37, 38, 22, 52, 26, 58, 64, 56,116,104, 84, 59, 83, 65,  0,  0,  0,  0,  0,  0,  0,  0,  0,  0,  0,  0,  0,  0,  0,  0,  0,  0,  0
  0,  0,  0,  0,  0,  0,  0,  0,  0,  0,  0,  0,  0,  0,  0,  0,  0,  0,  0,  0,  0,  0,  0,  0,  0,  0,  0,  0,  0,  0,  0,  0,  0,  0, 53, 86,145,147, 75, 67,  0,  0, 64, 71, 60,  0,114,120,108,  0,  0,  0,178,167,174,  0,  0, 59, 62, 63, 59, 60, 64, 56, 66, 58, 73, 56, 61, 74, 89, 81, 18,122,125,115, 76, 64, 70, 73, 77, 65, 57, 48,  0,  0,  0,  0,  0,  0,  0,  0,  0,  0, 58, 35,  0,  0,  1, 36, 52, 60, 59, 77,125,119, 53, 94, 51, 73, 46, 37,  0,  0,  0,  0,  0,  0,  0,  0,  0,  0,  0,  0,  0,  0,  0,  0,  0,  0
  0,  0,  0,  0,  0,  0,  0,  0,  0,  0,  0,  0,  0,  0,  0,  0,  0,  0,  0,  0,  0,  0,  0,  0,  0,  0,  0,  0,  0,  0,  0,  0,  0, 48,124,155,128, 68, 62, 74,  0, 78, 78,  0,  0,119,104,  0,  0,  0, 50, 73, 62, 57,185,183, 60, 65,  0,  0,  0, 59, 70, 61, 74, 60, 68, 57, 62, 66, 48, 75, 84, 61, 56,111,106,119, 90, 57, 74, 77,  0, 55, 62, 44,  0,  0,  0,  0,  0,  0,  0,  0,  0, 48,  0,  0,  0, 78, 80, 53,119,149,114, 61, 78, 80, 90, 62, 62, 42,  0,  0,  0,  0,  0,  0,  0,  0,  0,  0,  0,  0,  0,  0,  0,  0,  0,  0
  0,  0,  0,  0,  0,  0,  0,  0,  0,  0,  0,  0,  0,  0,  0,  0,  0,  0,  0,  0,  0,  0,  0,  0,  0,  0,  0,  0,  0,  0,  0,  0,  0, 88,140, 63, 65, 57, 60, 44, 87, 64,  0,  0,105,108,  0, 56, 64, 59,  0,  0,  0, 47, 57, 68,182,125, 58, 71, 61, 58,  0,  0,  0,  0,  0,  0,  0,  0,  0,  0,  0, 67, 74, 79, 59,114,117,102, 65, 72, 68, 69, 69, 63, 52, 73,  0,  0,  0,  0,  0,  0,  0, 55, 25, 65, 88, 81,  0,100,115, 97, 52,  0, 92, 78, 64, 39,  0, 32, 47,  0,  0,  0,  0,  0,  0,  0,  0,  0,  0,  0,  0,  0,  0,  0,  0,  0
  0,  0,  0,  0,  0,  0,  0,  0,  0,  0,  0,  0,  0,  0,  0,  0,  0,  0,  0,  0,  0,  0,  0,  0,  0,  0,  0,  0,  0,  0,  0,  0,155,151, 71, 70, 70, 69, 73, 83,  0,  0, 59, 99, 93, 50, 58, 71, 55, 60, 63, 65, 65, 60, 79, 77, 90,157,158, 93, 60, 74, 58, 69, 62, 56, 53, 55, 50, 61,  0,  0,  0,  0,  0, 83, 75, 82, 73,110,113, 95, 67, 71, 65, 65, 66, 59, 72, 61, 61, 64, 54, 58, 61, 55, 58, 78, 75, 74, 59, 92, 95, 80, 70, 84, 78, 71, 53,  0,  0,  0, 32, 44, 43,  0,  0,  0,  0,  0,  0, 26, 37,  0,  0,  0,  0,  0,  0,  0
  0,  0,  0,  0,  0,  0,  0,  0,  0,  0,  0,  0,  0,  0,  0,  0,  0,  0,  0,  0,  0,  0,  0,  0,  0,  0,  0,  0,  0,  0,  0,146,144, 72, 81, 74, 61, 93, 88,  0,  0, 64, 55, 68, 61, 67, 77, 61, 75, 58,  0,  0,  0,  0,  0, 60, 67, 69,  0,166,169, 98, 75, 81, 76,  0,  0,  0,  0, 41, 75, 54,  0,  0,  0, 97,  0, 84, 84, 84, 84,103,115,110,112, 78, 90, 89,112,126,123,121,127,106,121,125, 68, 84, 73, 91, 98,101, 70,  0,  0, 80, 84, 60,  0,  0,  0,  0,  0,  0, 47, 21, 32, 26, 24, 34, 19, 13,  0,  0,  0,  0,  0,  0,  0,  0
  0,  0,  0,  0,  0,  0,  0,  0,  0,  0,  0,  0,  0,  0,  0,  0,  0,  0,  0,  0,  0,  0,  0,  0,  0,  0,  0,  0,  0,  0,156,139, 91, 68, 90, 82, 87, 78,  0, 60,132, 87, 67, 64,  0, 49, 58, 53, 67, 56, 56, 50, 60, 59, 65, 63,  0,  0,  0,  0,158,168,  0,  0, 65, 80, 84,  0,  0,  0,  0, 48, 60, 59, 58, 89,  0, 43, 68, 84, 79, 91, 72,133, 57, 78, 92, 49, 47, 65, 66, 62, 74, 66, 71, 75, 71, 67,  0,113,102, 56,  0,  0, 89, 81, 58,  0,  0,  0,  0,  0,  0,  0,  0,  0,  0,  0,  0,  0,  0,  0,  0,  0,  0,  0,  0,  0,  0,  0
  0,  0,  0,  0,  0,  0,  0,  0,  0,  0,  0,  0,  0,  0,  0,  0,  0,  0,  0,  0,  0,  0,  0,  0,  0,  0,  0,  0,  0,131,157, 78, 57, 63, 77, 83, 70, 65, 65,158, 75, 76, 79, 55, 44, 65,  0,  0,  0,  0,  0,  0,  0,  0,  0,  0,  0,  0,  0,  0,  0,  0,155,155,  0,  0, 57, 73, 71, 71, 82,  0,  0,  0,  0, 66, 72, 47, 71, 74, 46, 71, 87, 69, 59, 60, 69, 72, 71,  0,  0, 61, 51, 49, 43, 42, 54, 72, 99, 99,  0,  0,  0,  0, 87, 80,  0,  0,  0,  0,  0,  0,  0,  0,  0,  0,  0,  0,  0,  0,  0,  0,  0,  0,  0,  0,  0,  0,  0,  0
  0,  0,  0,  0,  0,  0,  0,  0,  0,  0,  0,  0,  0,  0,  0,  0,  0,  0,  0,  0,  0,  0,  0,  0,  0,  0,  0,  0,157,160, 98, 66, 58, 76, 77, 73, 72, 75, 63, 72, 75,  0,  0,  0,  0,  0,  0,  0,  0,  0,  0,  0,  0,  0,  0,  0,  0,  0,  0,  0,  0,  0,  0,172,166,  0,  0,  0,  0,  0, 80, 77, 81, 67,  0,  0, 66,  0,  0, 91, 70, 56, 83, 81, 90, 67,  0, 67, 71, 73, 71,  0,  0, 56, 52, 57, 81, 70,107, 67, 60, 57,  0, 76,100,  0,  0,  0,  0,  0,  0,  0,  0,  0,  0,  0,  0,  0,  0,  0,  0,  0,  0,  0,  0,  0,  0,  0,  0,  0
  0,  0,  0,  0,  0,  0,  0,  0,  0,  0,  0,  0,  0,  0,  0,  0,  0,  0,  0,  0,  0,  0,  0,  0,  0,  0,  0,124,146, 81, 56, 41, 71, 75, 85, 73, 60, 59, 71, 62,  0,  0,  0,  0,  0,  0,  0,  0,  0,  0,  0,  0,  0,  0,  0,  0,  0,  0,  0,  0,  0,131,124,139,126,168,160,  0,  0,  0,  0,  0,  0, 67, 85, 64, 75,  0,  0, 81, 82, 66, 80, 70, 66, 57, 67, 80, 79, 65, 80, 79, 82, 79, 71, 58, 63, 52, 47,  0,  0, 59, 64, 92, 72,  0,  0,  0,  0,  0,  0,  0,  0,  0,  0,  0,  0,  0,  0,  0,  0,  0,  0,  0,  0,  0,  0,  0,  0,  0
  0,  0,  0,  0,  0,  0,  0,  0,  0,  0,  0,  0,  0,  0,  0,  0,  0,  0,  0,  0,  0,  0,  0,  0,  0,  0,  0,155,100, 62, 52, 81, 79, 58, 81, 89,  0, 80, 84,  0,  0,  0,  0,  0,  0,  0,  0,  0,  0,  0,  0,  0,  0,  0,  0,  0,135,135,147,156,143,132,  0,  0,  0,121,161,161, 84, 77, 77,  0,  0,  0,  0,  0, 55, 60, 68, 85, 91, 70, 57, 60, 59, 69, 65, 50, 68, 71, 77, 76, 77, 66, 86, 83, 55, 46, 49, 51,  0,  0, 88, 93, 57, 63, 59, 53,  0,  0,  0,  0,  0,  0,  0,  0,  0,  0,  0,  0,  0,  0,  0,  0,  0,  0,  0,  0,  0,  0
  0,  0,  0,  0,  0,  0,  0,  0,  0,  0,  0,  0,  0,  0,  0,  0,  0,  0,  0,  0,  0,  0,  0,  0,  0,  0,162, 82, 82, 48, 73, 78, 74, 58, 61,  0, 84, 70,  0,  0,  0,  0,  0,  0,  0,  0,  0,  0,  0,  0,  0,  0,  0,115,119,147,147,  0,  0,  0,  0,  0,  0,  0,  0,  0,  0,165,170,  0, 82, 84, 83, 72,  0,  0, 48,  0,  0,  0, 71, 73, 84, 75, 71, 69, 61, 86, 66,  0, 58, 71, 69, 85, 75, 74, 74, 53, 75, 64, 49, 44, 99,  0,  0, 74, 59, 57, 64, 68, 53,  0,  0,  0,  0,  0,  0,  0,  0,  0,  0,  0,  0,  0,  0,  0,  0,  0,  0,  0
  0,  0,  0,  0,  0,  0,  0,  0,  0,  0,  0,  0,  0,  0,  0,  0,  0,  0,  0,  0,  0,  0,  0,  0,  0,149, 66, 93, 74, 71, 72, 69,  0, 85,  0, 74, 75,  0,  0,  0,  0,  0,  0,  0,  0,  0,  0,  0,  0,  0,  0,  0,114,118,  0,  0,  0,  0,  0,  0,  0,  0,  0,  0,  0,  0,  0,  0,  0,164,  0,  0,  0, 75, 82, 61, 57, 52, 56,  0, 44, 70,  0, 57, 65, 61, 58, 74, 74, 65, 74, 95,  0, 33, 65, 78, 81, 76, 87, 76, 89,109, 99,  0,  0,  0,  0,  0, 52, 54, 60, 69, 77, 59,  0,  0,  0,  0,  0,  0,  0,  0,  0,  0,  0,  0,  0,  0,  0,  0
  0,  0,  0,  0,  0,  0,  0,  0,  0,  0,  0,  0,  0,  0,  0,  0,  0,  0,  0,  0,  0,  0,  0,  0,139,149, 85, 33, 61, 70, 84,  0, 45, 71, 64, 71,  0,  0,  0,  0,  0,  0,  0,  0,  0,  0,  0,  0,  0,  0,  0,126,118, 60, 60, 65, 60, 63, 58, 70, 63, 68, 57, 51, 60, 54, 57, 52, 68,148,151,104, 60, 58, 69, 57, 55, 69, 56, 61, 58, 94, 59, 75, 53, 61, 76, 75,  0, 77,  0, 89, 71,  0,  0, 57, 58, 63, 56, 80,121, 93, 76, 86, 93, 92, 52, 51,  0,  0,  0, 64, 55, 65, 54, 60, 63, 68,  0,  0,  0,  0,  0,  0,  0,  0,  0,  0,  0,  0
  0,  0,  0,  0,  0,  0,  0,  0,  0,  0,  0,  0,  0,  0,  0,  0,  0,  0,  0,  0,  0,  0,  0,158,150, 94, 51, 83, 91, 67, 56,  0, 58, 59, 60,  0,  0,  0,  0,  0,  0, 72, 49, 70, 57, 66, 61, 63, 61, 63,130, 60, 72,  0,  0,  0,  0,  0,  0,  0,  0,  0,  0,  0,  0,  0,  0,  0,  0,  0,  0,155,152,  0,  0,  0,  0, 48,  0,  0, 42,  0, 90, 40, 56,  0, 59, 61,  0,  0,  0,  0, 70, 90, 80,  0,  0,  0, 58, 75,124, 77, 81, 70, 67, 80, 91, 73, 69, 56, 57, 52, 63, 53, 64, 96, 83, 83, 74, 72, 59, 52, 60, 51, 59, 49, 46,  0,  0,  0
  0,  0,  0,  0,  0,  0,  0,  0,  0,  0,  0,  0,  0,  0,  0,  0,  0,  0,  0,  0,  0,  0,  0,146, 79,143,139,118, 72, 52, 75, 63, 74, 70,  0,  0, 55, 58, 61, 60, 66, 55,  0,  0,  0,  0,  0,  0,  0,121,126,  0,  0,  0,  0,  0,  0,  0,  0,  0,  0,  0,  0,  0,  0,  0,  0,  0,  0,  0,  0,  0,152,166,  0,  0,  0, 56,  0,  0, 38, 51, 81, 79, 74,  0,  0, 55, 64,  0,  0,  0,  0,  0,  0, 76, 96,  0,  0,  0,120, 79, 56, 80, 73, 85, 71, 76, 66, 60, 63, 72, 59, 38, 43, 79, 90, 85, 87, 77, 82, 79, 79, 76, 73, 79, 77, 57, 38,  0
  0,  0,  0,  0,  0,  0,  0,  0,  0,  0,  0,  0,  0,  0,  0,  0,  0,  0,  0,  0,  0,  0,149,147,146, 60, 56, 74,  0, 70,  0, 82, 65,  0, 46, 57, 48,  0,  0,  0,  0,  0,  0,  0,  0,  0,  0,  0,  0,143,  0,  0,  0,  0,  0,  0,  0,  0,  0,  0,  0,  0,  0,  0,  0,  0,  0,  0,  0,  0,  0,  0,  0,151,164,  0,  0, 51, 44,  0,  0, 50,  0, 64, 59,  0,  0,  0, 52, 74,  0,  0,  0,  0,  0,  0,  0, 76, 92,118,106,  0,  0, 41, 54, 66, 70, 80, 68, 86, 68, 79, 66, 74, 86, 81, 94,  0,  0,  0, 69, 57, 58, 65, 56, 55, 52, 57, 54,  0
  0,  0,  0,  0,  0,  0,  0,  0,  0,  0,  0,  0,  0,  0,  0,  0,  0,  0,  0,  0,  0,162,145, 69, 64,  0, 67, 63,  0, 72, 92, 69,  0, 60, 52,  0,  0,  0,  0,  0,  0,  0,  0,  0,  0,  0,  0,  0,129,114,  0,  0,  0,  0,  0,  0,  0,  0,  0,  0,  0,  0,  0,  0,  0,  0,  0,  0,  0,  0,  0,  0,  0,  0,146,157,  0,  0, 48,  0,  0, 43,  0,  0, 74, 50,  0,  0,  0, 61, 51,  0,  0,  0,  0,  0,  0,  0,130,118, 90, 83, 79,  0,  0,  0,  0, 51, 82, 82,176,167,148,153,135,150,143,145,140,138,145,152,150,148,170,158,169, 41, 30,  0
  0,  0,  0,  0,  0,  0,  0,  0,  0,  0,  0,  0,  0,  0,  0,  0,  0,  0,  0,  0,141,149, 66, 61, 55, 64, 72,  0, 60, 85, 78, 47, 68, 43,  0,  0,  0,  0,  0,  0,  0,  0,  0,  0,  0,  0,  0,  0,111,  0,  0,  0,  0,  0,  0,  0,  0,  0,  0,  0,  0,  0,  0,  0,  0,  0,  0,  0,  0,  0,  0,  0,  0,  0,  0,132,162,  0, 54,  0,  0, 54,  0,  0, 87, 64, 47,  0,  0,  0, 69, 78,  0,  0,  0,  0,  0,121,121,109,  0,  0,  0, 67, 73, 66, 84, 91,195,181,171, 79, 83, 77, 82,117, 83, 82, 59, 49, 55,102, 86, 91, 93, 62, 62, 53,  0,  0
  0,  0,  0,  0,  0,  0,  0,  0,  0,  0,  0,  0,  0,  0,  0,  0,  0,  0,  0, 48, 58, 91, 57,  0, 57, 78, 75,  0, 76, 75, 60, 43,  0,  0,  0,  0,  0,  0,  0,  0,  0,  0,  0,  0,  0,  0,  0,  0,139,  0,  0,  0,  0,  0,  0,  0,  0,  0,  0,  0,  0,  0,  0,  0,  0,  0,  0,  0,  0,  0,  0,  0,  0,  0,  0,  0,  0,145, 44,  0,  0, 47,  0,  0, 50,  0, 70,  0,  0,  0,  0, 67,  0,  0,  0,  0,  0,117,100, 80,  0,  0,  0,  0,  0,  0,  0,178,183,  0,  0,  0,  0, 77, 83,139, 81, 94, 73, 69, 91, 73, 79, 78, 80, 80, 60, 64, 63,  0
  0,  0,  0,  0,  0,  0,  0,  0,  0,  0,  0,  0,  0,  0,  0,  0,  0,  0,  0, 53, 77, 71,  0, 68, 60, 69, 39, 91, 70, 51, 86,  0,  0,  0,  0,  0,  0,  0,  0,  0,  0,  0,  0,  0,  0,  0,  0,120,131,  0,  0,  0,  0,  0,  0,  0,  0,  0,  0,  0,  0,  0,  0,  0,  0,  0,  0,  0,  0,  0,  0,  0,  0,  0,  0,  0,  0,  0,147,116,  0, 50,  0,  0, 56,  0, 61, 74,  0,  0,  0, 97,  0,  0,  0,  0,118,118,100,  0,  0,  0,  0,  0,  0,  0,182,192,  0,  0,  0,  0,  0,  0,  0,  0,  0,  0, 80, 79, 75,  0, 66, 61, 65,107,123,  0, 53,  0
  0,  0,  0,  0,  0,  0,  0,  0,  0,  0,  0,  0,  0,  0,  0,  0,  0, 41, 44, 97, 83, 62,  0, 67, 66, 68, 86, 69, 49, 70,  0,  0,  0,  0,  0,  0,  0,  0,  0,  0,  0,  0,  0,  0,  0,  0,  0,115,  0,  0,  0,  0,  0,  0,  0,  0,  0,  0,  0,  0,  0,  0,  0,  0,  0,  0,  0,  0,  0,  0,  0,  0,  0,  0,  0,  0,  0,  0,  0,116,  0, 45,  0,  0, 74,  0,  0, 62, 56,  0,  0, 72,  0,  0,  0,  0,122,105, 76,  0,  0,  0,  0,  0,  0,186,179,  0,  0,  0,  0,  0,  0,  0,  0,  0,  0,  0,  0,  0,  0,  0,  0,  0,  0,  0,  0, 72,  0,  0
  0,  0,  0,  0,  0,  0,  0,  0,  0,  0,  0,  0,  0,  0,  0,  0,  0, 53, 84, 75,  0,  0, 73, 69, 78, 89,  0, 60,  0, 73,  0,  0,  0,  0,  0,  0,  0,  0,  0,  0,  0,  0,  0,  0,  0,  0,  0,126,  0,  0,  0,  0,  0,  0,  0,  0,  0,  0,  0,  0,  0,  0,  0,  0,  0,  0,  0,  0,  0,  0,  0,  0,  0,  0,  0,  0,  0,  0,  0, 51,  0, 55,  0,  0, 51,  0,  0,  0, 70,  0,  0, 74, 89,  0,  0,122,  0, 79,  0,  0,  0,  0,  0,172,178,  0,  0,  0,  0,  0,  0,  0,  0,  0,  0,  0,  0, 60, 59, 61, 61, 68, 57, 48, 54, 55, 67, 64,  0,  0
  0,  0,  0,  0,  0,  0,  0,  0,  0,  0,  0,  0,  0,  0,  0,111,105, 85, 75,  0,  0, 70, 71, 65, 90, 58,  0, 54,  0, 55,  0,  0,  0,  0,  0,  0,  0,  0,  0,  0,  0,  0,  0,  0,  0,  0, 91,121,  0,  0,  0,  0,  0,  0,  0,  0,  0,  0,  0,  0,  0,  0,  0,  0,  0,  0,  0,  0,  0,  0,  0,  0,  0,  0,  0,  0,  0,  0,  0, 59,  0, 66,  0, 71, 59,  0,  0,  0, 61, 73,  0,  0, 72,  0,117,134,  0, 83,  0,  0,  0,  0,182,171,  0,  0,  0,  0,  0,  0,  0,  0,  0,  0,  0, 59, 71, 59,  0,  0,  0,  0,  0,  0,  0,  0,  0,  0,  0,  0
  0,  0,  0,  0,  0,  0,  0,  0,  0,  0,  0,  0,  0,104,116,121,  0, 51, 53, 45, 73, 68, 37, 79,  0, 64, 58, 76, 55, 77,  0,  0,  0,  0,  0,  0,  0,  0,  0,  0,  0,  0,  0,  0,  0,  0,107,  0,  0,  0,  0,  0,  0,  0,  0,  0,  0,  0,  0,  0,  0,  0,  0,  0,  0,  0,  0,  0,  0,  0,  0,  0,  0,  0,  0,  0,  0,  0,  0, 67,  0, 74,  0, 56,  0,  0,  0,  0,  0, 92,  0,  0, 70,  0,127,  0, 98, 88,  0,  0,  0,173,152,  0,  0,  0,  0,  0,  0,  0,  0,  0,  0, 55, 71, 58,  0,  0,  0,  0,  0,  0,  0,  0,  0,  0,  0,  0,  0,  0
  0,  0,  0,  0,  0,  0,  0,  0,  0,  0,125,125,126,131,  0,  0,  0,  0,  0, 56, 79, 38, 44,  0, 48, 41, 80,  0, 77,  0,  0,  0,  0,  0,  0,  0,  0,  0,  0,  0,  0,  0,  0,  0,  0,  0,114,  0,  0,  0,  0,  0,  0,  0,  0,  0,  0,  0,  0,  0,  0,  0,  0,  0,  0,  0,  0,  0,  0,  0,  0,  0,  0,  0,  0,  0,  0,  0,  0, 61, 75, 61,  0, 64,  0,  0,  0,  0,  0, 83, 75,  0, 85,121,116,  0, 75,  0,  0,200,187,157,  0,  0,  0,  0,  0,  0,  0,  0,  0, 61, 57, 54,  0,  0,  0,  0,  0,  0,  0,  0,  0,  0,  0,  0,  0,  0,  0,  0
  0,  0,  0,  0,  0,  0,  0,  0,139,128,128,  0, 46, 58, 49, 55, 45, 53, 47, 79, 59,  0,  0,  0, 59,  0, 58, 61, 86,  0,  0,  0,  0,  0,  0,  0,  0,  0,  0,  0,  0,  0,  0,  0,  0,  0,147,  0,  0,  0,  0,  0,  0,  0,  0,  0,  0,  0,  0,  0,  0,  0,  0,  0,  0,  0,  0,  0,  0,  0,  0,  0,  0,  0,  0,  0,  0,  0,  0,  0, 61, 76,  0, 54,  0,  0,  0,  0,  0,  0, 91,  0, 99, 89,  0,  0, 88,  0,  0,222,  0,  0,  0,  0,  0,  0,  0,  0,  0,  0, 97, 54,  0,  0,  0,  0,  0,  0,  0,  0,  0,  0,  0,  0,  0,  0,  0,  0,  0,  0
  0,  0,  0,  0,  0, 80,124,127,  0,  0,  0,  0,  0,  0,  0,  0,  0,  0, 31, 51,  0,  0,  0,  0, 57, 59, 63, 71,  0,  0,  0,  0,  0,  0,  0,  0,  0,  0,  0,  0,  0,  0,  0,  0,  0,  0,155,  0,  0,  0,  0,  0,  0,  0,  0,  0,  0,  0,  0,  0,  0,  0,  0,  0,  0,  0,  0,  0,  0,  0,  0,  0,  0,  0,  0,  0,  0,  0,  0,  0, 70, 67,  0, 64,  0,  0,  0,  0,  0,  0, 82,106,118,  0,  0,  0, 85,205,208,  0,  0,  0,  0,  0,  0,  0,  0,  0,  0, 97, 75,  0,  0,  0,  0,  0,  0,  0,  0,  0,  0,  0,  0,  0,  0,  0,  0,  0,  0,  0
  0,  0, 88, 70,100,  0,  0,  0,  0,  0,  0,  0,  0,  0,  0,  0,  0,  0,  0,  0,  0,  0,  0, 26, 74, 81,  0, 73,  0,  0,  0,  0,  0,  0,  0,  0,  0,  0,  0,  0,  0,  0,  0,  0,  0,  0,158,  0,  0,  0,  0,  0,  0,  0,  0,  0,  0,  0,  0,  0,  0,  0,  0,  0,  0,  0,  0,  0,  0,  0,209,  0,  0,  0,  0,  0,  0,  0,  0,  0, 59, 69,  0, 60,  0,  0,  0,  0,  0,  0,  0, 89, 81,  0,  0,  0,196,196,  0,  0,  0,  0,  0,  0,  0,  0,  0,  0, 82, 83,  0,  0,  0,  0,  0,  0,  0,  0,  0,  0,  0,  0,  0,  0,  0,  0,  0,  0,  0,  0
  0,  0,  0,  0,  0,  0,  0,  0,  0,  0,  0,  0,  0,  0,  0,  0,  0,  0,  0,  0,  0,  0,  0, 45,  0, 87,  0, 43,  0,  0,  0,  0,  0,  0,  0,  0,  0,  0,  0,  0,  0,  0,  0,  0,  0,177,177,  0,  0,  0,  0,  0,  0,  0,  0,  0,  0,  0,  0,  0,  0,  0,  0,  0,  0,  0,  0,  0,  0,  0,214,  0,  0,  0,  0,  0,  0,  0,  0,  0, 57, 90,  0, 59,  0,  0,  0,  0,  0,  0,128,109, 71,  0,  0,198, 67,  0,  0,  0,  0,  0,  0,  0,  0,  0,  0, 74, 83,  0,  0,  0,  0,  0,  0,  0,  0,  0,  0,  0,  0,  0,  0,  0,  0,  0,  0,  0,  0,  0
  0,  0,  0,  0,  0,  0,  0,  0,  0,  0,  0,  0,  0,  0,  0,  0,  0,  0,  0,  0,  0,  0,  0, 38,  0, 57,  0, 55,  0,  0,  0,  0,  0,  0,  0,  0,  0,  0,  0,  0,  0,  0,  0,  0,  0,175,  0,  0,  0,  0,  0,  0,  0,  0,  0,  0,  0,  0,  0,  0,  0,  0,  0,  0,  0,  0,  0,  0,  0,  0,  0,208,  0,  0,  0,  0,  0,  0,  0,  0,  0, 72,  0, 60,  0,  0,  0,  0,  0,  0,144, 77, 57,131,181,157,  0,  0,  0,  0,  0,  0,  0,  0,  0, 51, 63, 64,  0,  0,  0,  0,  0,  0,  0,  0,  0,  0,  0,  0,  0,  0,  0,  0,  0,  0,  0,  0,  0,  0
  0,  0,  0,  0,  0,  0,  0,  0,  0,  0,  0,  0,  0,  0,  0,  0,  0,  0,  0,  0,  0,  0,  0, 58,  0, 63,  0, 72,  0,  0,  0,  0,  0,  0,  0,  0,  0,  0,  0,  0,  0,  0,  0,  0,  0,189,  0,  0,  0,  0,  0,  0,  0,  0,  0,  0,  0,  0,  0,  0,  0,  0,  0,  0,  0,  0,  0,  0,  0,  0,  0,207,  0,  0,  0,  0,  0,  0,  0,  0,  0, 65,  0, 60,  0,  0,  0,  0,  0,126,101, 76,143,137,  0, 92,  0,  0,  0,  0,  0,  0,  0,  0,  0, 36,  0,  0,  0,  0,  0,  0,  0,  0,  0,  0,  0,  0,  0,  0,  0,  0,  0,  0,  0,  0,  0,  0,  0,  0
  0,  0,  0,  0,  0,  0,  0,  0,  0,  0,  0,  0,  0,  0,  0,  0,  0,  0,  0,  0,  0,  0,  0, 57,  0, 69,  0, 53,  0,  0,  0,  0,  0,  0,  0,  0,  0,  0,  0,  0,  0,  0,  0,  0,  0,135,  0,  0,  0,  0,  0,  0,  0,  0,  0,  0,  0,  0,  0,  0,  0,  0,  0,  0,  0,  0,  0,  0,  0,  0,  0,  0,208,  0,  0,  0,  0,  0,  0,  0,  0, 75,  0, 59,  0,  0,  0,  0,  0,141,  0, 69,152,  0,  0, 87,  0,  0,  0,  0,  0,  0,  0,  0,  0,  0,  0,  0,  0,  0,  0,  0,  0,  0,  0,  0,  0,  0,  0,  0,  0,  0,  0,  0,  0,  0,  0,  0,  0,  0
  0,  0,  0,  0,  0,  0,  0,  0,  0,  0,  0,  0,  0,  0,  0,  0,  0,  0,  0,  0,  0,  0, 35, 64,  0, 57, 45, 52,  0,  0,  0,  0,  0,  0,  0,  0,  0,  0,  0,  0,  0,  0,  0,  0,  0,148,  0,  0,  0,  0,  0,  0,  0,  0,  0,  0,  0,  0,  0,  0,  0,  0,  0,  0,  0,  0,  0,  0,  0,  0,  0,  0,207,  0,  0,  0,  0,  0,  0,  0,  0, 79,  0, 60,  0,  0,  0,  0,  0,118,  0,160, 80,  0,103, 70,  0,  0,  0,  0,  0,  0,  0,  0,  0,  0,  0,  0,  0,  0,  0,  0,  0,  0,  0,  0,  0,  0,  0,  0,  0,  0,  0,  0,  0,  0,  0,  0,  0,  0
  0,  0,  0,  0,  0,  0,  0,  0,  0,  0,  0,  0,  0,  0,  0,  0,  0,  0,  0,  0,  0,  0, 51, 44,  0, 84, 44,  0,  0,  0,  0,  0,  0,  0,  0,  0,  0,  0,  0,  0,  0,  0,  0,  0,  0,146,  0,  0,  0,  0,  0,  0,  0,  0,  0,  0,  0,  0,  0,  0,  0,  0,  0,  0,  0,  0,  0,  0,  0,  0,  0,  0,204,  0,  0,  0,  0,  0,  0,  0,  0, 67, 83, 60,  0,  0,  0,  0,103, 90,144, 81, 54,  0,101,143,160,150,152,149,150,144,155,142,148,157,152,157,151,155,150,  0,  0,  0,  0,  0,  0,  0,  0,  0,  0,  0,  0,  0,  0,  0,  0,  0,  0,  0
  0,  0,  0,  0,  0,  0,  0,  0,  0,  0,  0,  0,  0,  0,  0,  0,  0,  0,  0,  0,  0,  0,  0, 66,  0, 56, 55,  0,  0,  0,  0,  0,  0,  0,  0,  0,  0,  0,  0,  0,  0,  0,  0,  0,  0,139,  0,  0,  0,  0,  0,  0,  0,  0,  0,  0,  0,  0,  0,  0,  0,  0,  0,  0,  0,  0,  0,  0,  0,  0,  0,  0,  0,208,  0,  0,  0,  0,  0,  0,  0, 63, 62, 60,  0,  0,  0,  0, 95,147,  0,107,124,137,130,  0,  0,  0,  0,  0,  0,  0,  0,  0,  0,  0,  0,  0,  0,  0,  0,156,143,152,148,151,147,154,145,150,153,142,149,133,133, 90, 73,  0,  0,  0
  0,  0,  0,  0,  0,  0,  0,  0,  0,  0,  0,  0,  0,  0,  0,  0,  0,  0,  0,  0,  0,  0,  0, 79, 52, 79, 75,  0,  0,  0,  0,  0,  0,  0,  0,  0,  0,  0,  0,  0,  0,  0,  0,  0,  0,171,  0,  0,  0,  0,  0,  0,  0,  0,  0,  0,  0,  0,  0,  0,  0,  0,  0,  0,  0,  0,  0,  0,  0,  0,  0,  0,  0,206,  0,  0,  0,  0,  0,  0,  0, 65, 56, 71,  0,  0,  0, 93,154,144,129,138,126,  0, 70,  0,  0,  0,  0,  0,  0,  0,  0,  0,  0,  0,  0,  0,  0,  0,  0,  0,  0,  0,  0,  0,  0,  0,  0,  0,  0,  0,  0,  0,  0,  0,  0,  0,  0,  0
  0,  0,  0,  0,  0,  0,  0,  0,  0,  0,  0,  0,  0,  0,  0,  0,  0,  0,  0,  0,  0,  0,  0, 42, 63,  0, 60,  0,  0,  0,  0,  0,  0,  0,  0,  0,  0,  0,  0,  0,  0,  0,  0,  0,  0,171,  0,  0,  0,  0,  0,  0,  0,  0,  0,  0,  0,  0,  0,  0,  0,  0,  0,  0,  0,  0,  0,  0,  0,  0,  0,  0,  0,184,183,  0,  0,  0,  0,  0,  0, 62, 50, 71,  0,132,125,149,131,  0, 46,  0, 70, 76, 68,  0,  0,  0,  0,  0,  0,  0,  0,  0,  0,  0,  0,  0,  0,  0,  0,  0,  0,  0,  0,  0,  0,  0,  0,  0,  0,  0,  0,  0,  0,  0,  0,  0,  0,  0
  0,  0,  0,  0,  0, 48, 36, 37, 50, 39, 55, 55,  0,  0,  0,  0,  0,  0,  0,  0,  0,  0,  0, 43, 57,  0, 68,  0,  0,  0,  0,  0,  0,  0,  0,  0,  0,  0,  0,  0,  0,  0,  0,  0,  0,187,  0,  0,  0,  0,  0,  0,  0,  0,  0,  0,  0,  0,  0,  0,  0,  0,  0,  0,  0,  0,  0,  0,  0,  0,  0,  0,  0,  0,167,  0,  0,  0,  0,  0,  0, 73,134,126,132,138,137,133,  0,  0, 50,  0, 48, 69,  0,  0,  0,  0,  0,  0,  0,  0,  0,  0,  0,  0,  0,  0,  0,  0,  0,  0,  0,  0,  0,  0,  0,  0,  0,  0,  0,  0,  0,  0,  0,  0,  0,  0,  0,  0
  0,  0,  0,  0,  0,  0,  0,  0,  0,  0,  0, 49, 56, 64,  0,  0,  0,  0,  0,  0,  0,  0,  0, 61, 59,  0, 73,  0,  0,  0,  0,  0,  0,  0,  0,  0,  0,  0,  0,  0,  0,  0,  0,  0,  0,194,  0,  0,  0,  0,  0,  0,  0,  0,  0,  0,  0,  0,  0,  0,  0,  0,  0,  0,  0,  0,  0,  0,  0,  0,  0,  0,  0,  0,192,  0,  0,  0,  0,131,137,141,133, 63,  0,151,153,  0,  0,  0, 42,  0, 71, 80,  0,  0,  0,  0,  0,  0,  0,  0,  0,  0,  0,  0,  0,  0,  0,  0,  0,  0,  0,  0,  0,  0,  0,  0,  0,  0,  0,  0,  0,  0,  0,  0,  0,  0,  0,  0
  0,  0,  0,  0,  0,  0,  0,  0,  0,  0,  0,  0,  0, 51, 54, 49, 52,  0,  0,  0,  0,  0,  0, 53, 69,  0, 65,  0,  0,  0,  0,  0,  0,  0,  0,  0,  0,  0,  0,  0,  0,  0,  0,  0,  0,189,  0,  0,  0,  0,  0,  0,  0,  0,  0,  0,  0,  0,  0,  0,  0,  0,  0,  0,  0,  0,  0,  0,  0,  0,  0,  0,  0,  0,198,  0,131,126,136,131, 60,  0, 73, 62,161,144,  0,  0,  0,  0, 44,  0, 64, 64,  0,  0,  0,  0,  0,  0,  0,  0,  0,  0,  0,  0,  0,  0,  0,  0,  0,  0,  0,  0,  0,  0,  0,  0,  0,  0,  0,  0,  0,  0,  0,  0,  0,  0,  0,  0
  0,  0,  0,  0,  0,  0,  0,  0,  0,  0,  0,  0,  0,  0,  0,  0, 55, 67,  0,  0,  0,  0,  0,  0, 44,  0, 66,  0,  0,  0,  0,  0,  0,  0,  0,  0,  0,  0,  0,  0,  0,  0,  0,  0,  0,195,  0,  0,  0,  0,  0,  0,  0,  0,  0,  0,  0,  0,  0,  0,  0,  0,  0,  0,  0,  0,  0,  0,  0,  0,  0,  0,  0,  0,170,129,145,  0,  0,  0, 81,  0, 59,  0,150,  0,  0,  0,  0,  0, 78,  0, 53, 58,  0,  0,  0,  0,  0,  0,  0,  0,  0,  0,  0,  0,  0,  0,  0,  0,  0,  0,  0,  0,  0,  0,  0,  0,  0,  0,  0,  0,  0,  0,  0,  0,  0,  0,  0,  0
  0,  0,  0,  0,  0,  0,  0,  0,  0,  0,  0, 36, 27,  0,  0,  0,  0, 48, 52, 69, 59,  0,  0,  0, 67,  0, 62,  0,  0,  0,  0,  0,  0,  0,  0,  0,  0,  0,  0,  0,  0,  0,  0,  0,  0,199,  0,  0,  0,  0,  0,  0,  0,  0,  0,  0,  0,  0,  0,  0,  0,  0,  0,  0,  0,  0,  0,  0,  0,  0,  0,  0,  0,  0,170,146,  0,  0,  0,  0, 79,  0,160,178,158,  0,  0,  0,  0,  0, 81,  0, 64,  0,  0,  0,  0,  0,  0,  0,  0,  0,  0,  0,  0,  0,  0,  0,  0,  0,  0,  0,  0,  0,  0,  0,  0,  0,  0,  0,  0,  0,  0,  0,  0,  0,  0,  0,  0,  0
  0,  0,  0,  0,  0,  0,  0,  0,  0,  0,  0,  0, 50, 57,  0,  0,  0,  0,  0,  0, 78, 89,  0,  0, 45,  0, 65,  0,  0,  0,  0,  0,  0,  0,  0,  0,  0,  0,  0,  0,  0,  0,  0,  0,  0,193,  0,  0,  0,  0,  0,  0,  0,  0,  0,  0,  0,  0,  0,  0,  0,  0,  0,  0,  0,  0,  0,  0,  0,  0,  0,  0,  0,150,189,  0,  0,  0,  0,  0, 60,206,177,172,  0,  0,  0,  0,  0, 81, 96,  0,113,  0,  0,  0,  0,  0,  0,  0,  0,  0,  0,  0,  0,  0,  0,  0,  0,  0,  0,  0,  0,  0,  0,  0,  0,  0,  0,  0,  0,  0,  0,  0,  0,  0,  0,  0,  0,  0
  0,  0,  0,  0,  0,  0,  0,  0,  0,  0,  0,  0,  0,  0, 63, 51,  0,  0,  0,  0,  0, 60, 74,  0, 64,  0, 64,  0,  0,  0,  0,  0,  0,  0,  0,  0,  0,  0,  0,  0,  0,  0,  0,  0,  0,182,  0,  0,  0,  0,  0,  0,  0,  0,  0,  0,  0,  0,  0,  0,  0,  0,  0,  0,  0,  0,  0,  0,  0,  0,  0,  0,135,155,175,  0,  0,  0,  0,  0, 58,206,162,  0,  0,  0,  0,  0,  0, 81,  0,  0,138,  0,  0,  0,  0,  0,  0,  0,  0,  0,  0,  0,  0,  0,  0,  0,  0,  0,  0,  0,  0,  0,  0,  0,  0,  0,  0,  0,  0,  0,  0,  0,  0,  0,  0,  0,  0,  0
  0,  0,  0,  0,  0,  0,  0,  0,  0,  0,  0,  0,  0,  0,  0, 59, 62,  0,  0,  0,  0,  0, 70, 77, 89,  0, 68,  0,  0,  0,  0,  0,  0,  0,  0,  0,  0,  0,  0,  0,  0,  0,  0,  0,  0,231,  0,  0,  0,  0,  0,  0,  0,  0,  0,  0,  0,  0,  0,  0,  0,  0,  0,  0,  0,  0,  0,  0,  0,  0,  0,146,158,  0,177,  0,  0,  0,  0,  0,211,  0,163,  0,  0,  0,  0,  0,  0, 72,  0,144,  0,  0,  0,  0,  0,  0,  0,  0,  0,  0,  0,  0,  0,  0,  0,  0,  0,  0,  0,  0,  0,  0,  0,  0,  0,  0,  0,  0,  0,  0,  0,  0,  0,  0,  0,  0,  0,  0
  0,  0,  0,  0,  0,  0,  0,  0,  0,  0,  0,  0,  0,  0,  0,  0,  0, 61, 63,  0,  0,  0,  0,  0, 83, 70,  0,  0,  0,  0,  0,  0,  0,  0,  0,  0,  0,  0,  0,  0,  0,  0,  0,  0,  0,  0,  0,  0,  0,  0,  0,  0,  0,  0,  0,  0,  0,  0,  0,  0,  0,  0,  0,  0,  0,  0,  0,  0,  0,  0,151,152,  0,196,  0,  0,  0,  0,  0,217,122,171, 57,  0,  0,  0,  0,  0,  0, 73,  0,154,  0,  0,  0,  0,  0,  0,  0,  0,  0,  0,  0,  0,  0,  0,  0,  0,  0,  0,  0,  0,  0,  0,  0,  0,  0,  0,  0,  0,  0,  0,  0,  0,  0,  0,  0,  0,  0,  0
  0,  0,  0,  0,  0,  0,  0,  0,  0,  0,  0, 13, 54,  0,  0,  0,  0,  0, 58, 65, 61,  0,  0,  0,  0, 69, 68,  0,  0,  0,  0,  0,  0,  0,  0,  0,  0,  0,  0,  0,  0,  0,  0,  0,  0,  0,  0,  0,  0,  0,  0,  0,  0,  0,  0,  0,  0,  0,  0,  0,  0,  0,  0,  0,  0,  0,  0,  0,  0,  0,  0,  0,  0,176,  0,  0,  0,  0,208, 62,  0,158, 56,  0,  0,  0,  0,  0,  0, 92,  0,153,  0,  0,  0,  0,  0,  0,  0,  0,  0,  0,  0,  0,  0,  0,  0,  0,  0,  0,  0,  0,  0,  0,  0,  0,  0,  0,  0,  0,  0,  0,  0,  0,  0,  0,  0,  0,  0,  0
  0,  0,  0,  0,  0,  0,  0,  0,  0,  0,  0,  0, 62, 74, 67,  0,  0,  0,  0,  0, 53, 63,  0,  0,  0, 60, 63, 80,  0,  0,  0,  0,  0,  0,  0,  0,  0,  0,  0,  0,  0,  0,  0,  0,  0,  0,  0,  0,  0,  0,  0,  0,  0,  0,  0,  0,  0,  0,  0,  0,  0,  0,  0,  0,  0,  0,  0,  0,  0,  0,  0,  0,  0,181,  0,  0,  0,196,205, 62,157,124, 55,  0,  0,  0,  0,  0,102,  0,133,143,  0,  0,  0,  0,  0,  0,  0,  0,  0,  0,  0,  0,  0,  0,  0,  0,  0,  0,  0,  0,  0,  0,  0,  0,  0,  0,  0,  0,  0,  0,  0,  0,  0,  0,  0,  0,  0,  0
  0,  0, 37, 67, 63, 69, 75, 73, 66, 77, 64, 71, 73, 77, 67, 78, 64, 66, 72, 64, 72, 79, 61,  0,  0, 81,  0, 61, 66,  0,  0,  0,  0,  0,  0,  0,  0,  0,  0,  0,  0,  0,  0,  0,  0,  0,  0,  0,  0,  0,  0,  0,  0,  0,  0,  0,  0,  0,  0,  0,  0,  0,  0,  0,  0,  0,  0,  0,  0,  0,  0,  0,  0,198,  0,  0,193,201,  0, 74,146, 92, 47,  0,  0,  0,  0,  0,109,  0,144,  0,  0,  0,  0,  0,  0,  0,  0,  0,  0,  0,  0,  0,  0,  0,  0,  0,  0,  0,  0,  0,  0,  0,  0,  0,  0,  0,  0,  0,  0,  0,  0,  0,  0,  0,  0,  0,  0,  0
  0,  0,  0,  0,  0,  0,  0,  0,  0,  0,  0,  0,  0,  0,  0,  0, 58, 68, 75,  0,  0, 62, 70, 75, 51, 75, 55,  0, 64, 58,  0,  0,  0,  0,  0,  0,  0,  0,  0,  0,  0,  0,  0,  0,  0,  0,  0,  0,  0,  0,  0,  0,  0,  0,  0,  0,  0,  0,  0,  0,  0,  0,  0,  0,  0,  0,  0,  0,  0,  0,  0,  0,  0,201,  0,175,166,  0,  0,134,116, 58, 50,  0,  0,  0,  0,  0,  0,  0,111,  0,  0,  0,  0,  0,  0,  0,  0,  0,  0,  0,  0,  0,  0,  0,  0,  0,  0,  0,  0,  0,  0,  0,  0,  0,  0,  0,  0,  0,  0,  0,  0,  0,  0,  0,  0,  0,  0,  0
  0,  0,  0,  0,  0,  0,  0,  0,  0,  0,  0,  0,  0,  0,  0,  0,  0,  0, 65, 69, 71,  0, 65, 70, 77, 56, 67,  0,  0, 80, 65,  0,  0,  0,  0,  0,  0,  0,  0,  0,  0,  0,  0,  0,  0,  0,  0,  0,  0,  0,  0,  0,  0,  0,  0,  0,  0,  0,  0,  0,  0,  0,  0,  0,  0,  0,  0,  0,  0,  0,  0,  0,191,  0,  0,198,  0,  0,  0,152,  0, 50,  0,  0,  0,  0,  0,  0,  0,  0, 98,  0,  0,  0,  0,  0,  0,  0,  0,  0,  0,  0,  0,  0,  0,  0,  0,  0,  0,  0,  0,  0,  0,  0,  0,  0,  0,  0,  0,  0,  0,  0,  0,  0,  0,  0,  0,  0,  0,  0
  0,  0,  0,  0,  0,  0,  0,  0,  0,  0,  0,  0,  0,  0,  0,  0,  0,  0,  0, 73, 75, 64, 81, 64, 65, 84, 70,  0,  0,  0, 56, 69,  0,  0,  0,  0,  0,  0,  0,  0,  0,  0,  0,  0,  0,  0,  0,  0,  0,  0,  0,  0,  0,  0,  0,  0,  0,  0,  0,  0,  0,  0,  0,  0,  0,  0,  0,  0,  0,  0,  0,  0,177,  0,183,184,  0,  0,132,129,  0, 27,  0,  0,  0,  0,  0,  0,  0,  0, 34,  0,  0,  0,  0,  0,  0,  0,  0,  0,  0,  0,  0,  0,  0,  0,  0,  0,  0,  0,  0,  0,  0,  0,  0,  0,  0,  0,  0,  0,  0,  0,  0,  0,  0,  0,  0,  0,  0,  0
  0,  0,  0,  0,  0,  0,  0,  0,  0,  0,  0,  0,  0,  0,  0,  0,  0,  0,  0,  0, 61,  0, 76, 71, 50, 71, 76, 42,  0,  0,  0, 72,  0,  0,  0,  0,  0,  0,  0,  0,  0,  0,  0,  0,  0,  0,  0,  0,  0,  0,  0,  0,  0,  0,  0,  0,  0,  0,  0,  0,  0,  0,  0,  0,  0,  0,  0,  0,  0,  0,  0,  0,211,190,181,  0,  0,  0,125,  0,  0,  0,  0,  0,  0,  0, 30, 28, 75, 28,  0,  0,  0,  0,  0,  0,  0,  0,  0,  0,  0,  0,  0,  0,  0,  0,  0,  0,  0,  0,  0,  0,  0,  0,  0,  0,  0,  0,  0,  0,  0,  0,  0,  0,  0,  0,  0,  0,  0,  0
  0,  0,  0,  0,  0,  0,  0,  0,  0,  0,  0,  0,  0,  0,  0,  0,  0,  0,  0,  0,  0, 71,  0, 71, 65, 48, 70, 71, 50, 34, 39, 63, 71,  0,  0,  0,  0,  0,  0,  0,  0,  0,  0,  0,  0,  0,  0,  0,  0,  0,  0,  0,  0,  0,  0,  0,  0,  0,  0,  0,  0,  0,  0,  0,  0,  0,  0,  0,  0,  0,  0,207,183,178,  0,  0,  0,  0,113,  0,  0,  0,  0,  0,  0, 99, 85,  0,106,  0,  0,  0,  0,  0,  0,  0,  0,  0,  0,  0,  0,  0,  0,  0,  0,  0,  0,  0,  0,  0,  0,  0,  0,  0,  0,  0,  0,  0,  0,  0,  0,  0,  0,  0,  0,  0,  0,  0,  0,  0
  0,  0,  0,  0,  0,  0,  0,  0,  0,  0,  0,  0,  0,  0,  0,  0,  0,  0,  0,  0,  0, 48, 83,  0, 73, 58, 70, 59, 70, 59, 60, 46,  0, 66,  0,  0,  0,  0,  0,  0,  0,  0,  0,  0,  0,  0,  0,  0,  0,  0,  0,  0,  0,  0,  0,  0,  0,  0,  0,  0,  0,  0,  0,  0,  0,  0,  0,  0,  0,  0,  0,210,182,  0,  0,  0,  0,114, 85,  0,  0,  0,  0,  0,  0,107,  0, 97,110,  0,  0,  0,  0,  0,  0,  0,  0,  0,  0,  0,  0,  0,  0,  0,  0,  0,  0,  0,  0,  0,  0,  0,  0,  0,  0,  0,  0,  0,  0,  0,  0,  0,  0,  0,  0,  0,  0,  0,  0,  0
  0,  0,  0,  0,  0,  0,  0,  0,  0,  0,  0,  0,  0,  0,  0,  0,  0,  0,  0,  0,  0, 33, 52, 69, 55, 55, 70, 65,  0, 69, 62, 60, 55, 57, 69,  0,  0,  0,  0,  0,  0,  0,  0,  0,  0,  0,  0,  0,  0,  0,  0,  0,  0,  0,  0,  0,  0,  0,  0,  0,  0,  0,  0,  0,  0,  0,  0,  0,  0,  0,  0,215,  0,  0,  0,  0,142,143,  0,  0,  0,  0,  0,  0,  0,120,  0,112,  0,  0,  0,  0,  0,  0,  0,  0,  0,  0,  0,  0,  0,  0,  0,  0,  0,  0,  0,  0,  0,  0,  0,  0,  0,  0,  0,  0,  0,  0,  0,  0,  0,  0,  0,  0,  0,  0,  0,  0,  0,  0
  0,  0,  0,  0,  0,  0,  0,  0,  0,  0,  0,  0,  0,  0,  0,  0,  0,  0,  0,  0,  0,  0, 58, 69, 73, 62, 65, 82, 46,  0, 59, 61, 61, 55, 51, 64,  0,  0,  0,  0,  0,  0,  0,  0,  0,  0,  0,  0,  0,  0,  0,  0,  0,  0,  0,  0,  0,  0,  0,  0,  0,  0,  0,  0,  0,  0,  0,  0,  0,  0,221,186,  0,  0,  0,  0,193,  0,  0,  0,  0,  0,  0,  0, 97, 92,119,  0,  0,  0,  0,  0,  0,  0,  0,  0,  0,  0,  0,  0,  0,  0,  0,  0,  0,  0,  0,  0,  0,  0,  0,  0,  0,  0,  0,  0,  0,  0,  0,  0,  0,  0,  0,  0,  0,  0,  0,  0,  0,  0
  0,  0,  0,  0,  0,  0,  0,  0,  0,  0,  0,  0,  0,  0,  0,  0,  0,  0,  0,  0,  0,  0, 47, 63, 67, 81, 69, 49, 64, 54, 69, 65, 64, 72, 54, 57, 64,  0,  0,  0,  0,  0,  0,  0,  0,  0,  0,  0,  0,  0,  0,  0,  0,  0,  0,  0,  0,  0,  0,  0,  0,  0,  0,  0,  0,  0,  0,  0,  0,174,230,  0,  0,  0,  0,171,175,  0,  0,  0,  0,  0,  0,  0,100, 87, 92,  0,  0,  0,  0,  0,  0,  0,  0,  0,  0,  0,  0,  0,  0,  0,  0,  0,  0,  0,  0,  0,  0,  0,  0,  0,  0,  0,  0,  0,  0,  0,  0,  0,  0,  0,  0,  0,  0,  0,  0,  0,  0,  0
  0,  0,  0,  0,  0,  0,  0,  0,  0,  0,  0,  0,  0,  0,  0,  0,  0,  0,  0,  0,  0,  0,  0, 44, 67, 69, 50, 66, 49, 60, 51, 64, 66, 78, 74, 47, 54, 81,  0,  0,  0,  0,  0,  0,  0,  0,  0,  0,  0,  0,  0,  0,  0,  0,  0,  0,  0,  0,  0,  0,  0,  0,  0,  0,  0,  0,  0,  0,  0,240,  0,  0,  0,  0,  0,160,  0,  0,  0,  0,  0,  0,  0,  0, 85,122,  0,  0,  0,  0,  0,  0,  0,  0,  0,  0,  0,  0,  0,  0,  0,  0,  0,  0,  0,  0,  0,  0,  0,  0,  0,  0,  0,  0,  0,  0,  0,  0,  0,  0,  0,  0,  0,  0,  0,  0,  0,  0,  0,  0
  0,  0,  0,  0,  0,  0,  0,  0,  0,  0,  0,  0,  0,  0,  0,  0,  0,  0,  0,  0,  0,  0,  0,  0, 49, 80, 81, 83, 78, 54, 55, 50,  0, 55, 70, 57, 42, 55, 69,  0,  0,  0,  0,  0,  0,  0,  0,  0,  0,  0,  0,  0,  0,  0,  0,  0,  0,  0,  0,  0,  0,  0,  0,  0,  0,  0,  0,  0,  0,244,  0,  0,  0,  0,147,162,  0,  0,  0,  0,  0,  0,  0,112,100,101,  0,  0,  0,  0,  0,  0,  0,  0,  0,  0,  0,  0,  0,  0,  0,  0,  0,  0,  0,  0,  0,  0,  0,  0,  0,  0,  0,  0,  0,  0,  0,  0,  0,  0,  0,  0,  0,  0,  0,  0,  0,  0,  0,  0
  0,  0,  0,  0,  0,  0,  0,  0,  0,  0,  0,  0,  0,  0,  0,  0,  0,  0,  0,  0,  0,  0,  0,  0,  0, 71,  0, 81, 52, 74, 59, 66, 57, 65, 63, 82, 59, 60, 72, 80,  0,  0,  0,  0,  0,  0,  0,  0,  0,  0,  0,  0,  0,  0,  0,  0,  0,  0,  0,  0,  0,  0,  0,  0,  0,  0,  0,  0,218,212,  0,  0,  0,  0,108,  0,  0,  0,  0,  0,  0,  0,105, 95,114,  0,  0,  0,  0,  0,  0,  0,  0,  0,  0,  0,  0,  0,  0,  0,  0,  0,  0,  0,  0,  0,  0,  0,  0,  0,  0,  0,  0,  0,  0,  0,  0,  0,  0,  0,  0,  0,  0,  0,  0,  0,  0,  0,  0,  0
  0,  0,  0,  0,  0,  0,  0,  0,  0,  0,  0,  0,  0,  0,  0,  0,  0,  0,  0,  0,  0,  0,  0,  0,  0,  0, 66, 48, 62,  0, 63, 62, 53, 67, 61, 65, 64, 74, 46, 60, 68,  0,  0,  0,  0,  0,  0,  0,  0,  0,  0,  0,  0,  0,  0,  0,  0,  0,  0,  0,  0,  0,  0,  0,  0,  0,  0,  0,209,  0,  0,  0,  0, 70, 52,  0,  0,  0,  0,  0,  0, 97,120,111,114,  0,  0,  0,  0,  0,  0,  0,  0,  0,  0,  0,  0,  0,  0,  0,  0,  0,  0,  0,  0,  0,  0,  0,  0,  0,  0,  0,  0,  0,  0,  0,  0,  0,  0,  0,  0,  0,  0,  0,  0,  0,  0,  0,  0,  0
  0,  0,  0,  0,  0,  0,  0,  0,  0,  0,  0,  0,  0,  0,  0,  0,  0,  0,  0,  0,  0,  0,  0,  0,  0,  0, 40, 69, 65, 85,  0, 59, 63, 54, 62, 48, 56, 66, 63, 53, 71, 56,  0,  0,  0,  0,  0,  0,  0,  0,  0,  0,  0,  0,  0,  0,  0,  0,  0,  0,  0,  0,  0,  0,  0,  0,  0,166,234,  0,  0,  0,119, 84,  0,  0,  0,  0,  0,  0,128,111,  0,107,  0,  0,  0,  0,  0,  0,  0,  0,  0,  0,  0,  0,  0,  0,  0,  0,  0,  0,  0,  0,  0,  0,  0,  0,  0,  0,  0,  0,  0,  0,  0,  0,  0,  0,  0,  0,  0,  0,  0,  0,  0,  0,  0,  0,  0,  0
  0,  0,  0,  0,  0,  0,  0,  0,  0,  0,  0,  0,  0,  0,  0,  0,  0,  0,  0,  0,  0,  0,  0,  0,  0,  0,  0, 63, 54, 57, 75,  0, 68, 68, 67, 67, 53, 65, 82, 59, 44, 63, 72,  0,  0,  0,  0,  0,  0,  0,  0,  0,  0,  0,  0,  0,  0,  0,  0,  0,  0,  0,  0,  0,  0,  0,  0,226,  0,  0,  0,  0,176,  0,  0,  0,  0,  0,  0,  0,121,  0, 95,100,  0,  0,  0,  0,  0,  0,  0,  0,  0,  0,  0,  0,  0,  0,  0,  0,  0,  0,  0,  0,  0,  0,  0,  0,  0,  0,  0,  0,  0,  0,  0,  0,  0,  0,  0,  0,  0,  0,  0,  0,  0,  0,  0,  0,  0,  0
  0,  0,  0,  0,  0,  0,  0,  0,  0,  0,  0,  0,  0,  0,  0,  0,  0,  0,  0,  0,  0,  0,  0,  0,  0,  0,  0,  0, 66,  0, 85,  0, 62, 54, 68, 64, 65, 54, 64, 70, 62,  0, 78,  0,  0,  0,  0,  0,  0,  0,  0,  0,  0,  0,  0,  0,  0,  0,  0,  0,  0, 62, 72, 55,  0,  0,164,186,  0,  0,  0,140,150, 80, 60, 45,103, 96,  0,  0,  0,  0,119,  0,  0,  0,  0,  0,  0,  0,  0,  0,  0,  0,  0,  0,  0,  0,  0,  0,  0,  0,  0,  0,  0,  0,  0,  0,  0,  0,  0,  0,  0,  0,  0,  0,  0,  0,  0,  0,  0,  0,  0,  0,  0,  0,  0,  0,  0,  0
  0,  0,  0,  0,  0,  0,  0,  0,  0,  0,  0,  0,  0,  0,  0,  0,  0,  0,  0,  0,  0,  0,  0,  0,  0,  0,  0,  0,  0, 64,  0, 72,  0, 51, 50, 78, 75, 55, 70, 59, 64, 61, 57, 58, 47, 61,  0,  0,  0,  0,  0,  0,  0,  0,  0,  0,  0,  0,  0, 62, 67, 61,  0, 51, 56, 62,206,196, 64, 52, 60,139, 60,  0, 90, 85, 77,  0,  0,  0,  0,108,  0,  0,  0,  0,  0,  0,  0,  0,  0,  0,  0,  0,  0,  0,  0,  0,  0,  0,  0,  0,  0,  0,  0,  0,  0,  0,  0,  0,  0,  0,  0,  0,  0,  0,  0,  0,  0,  0,  0,  0,  0,  0,  0,  0,  0,  0,  0,  0
  0,  0,  0,  0,  0,  0,  0,  0,  0,  0,  0,  0,  0,  0,  0,  0,  0,  0,  0,  0,  0,  0,  0,  0,  0,  0,  0,  0,  0, 53, 45,  0, 62,  0, 71, 53, 74, 71, 53, 59, 54, 71, 55,  0,  0, 51, 57, 58, 57,  0,  0,  0,  0,  0,  0, 60, 70, 69, 70, 78, 78,  0,  0,  0,  0,  0,203,200,  0,109,107,101, 88, 87, 67,  0,  0,  0,  0,  0, 89,111,  0,  0,  0,  0,  0,  0,  0,  0,  0,  0,  0,  0,  0,  0,  0,  0,  0,  0,  0,  0,  0,  0,  0,  0,  0,  0,  0,  0,  0,  0,  0,  0,  0,  0,  0,  0,  0,  0,  0,  0,  0,  0,  0,  0,  0,  0,  0,  0
  0,  0,  0,  0,  0,  0,  0,  0,  0,  0,  0,  0,  0,  0,  0,  0,  0,  0,  0,  0,  0,  0,  0,  0,  0,  0,  0,  0,  0,  0, 71, 71, 67, 92,  0, 62,  0, 84, 75, 65, 57, 69, 80, 73,  0,  0,  0,  0,  0, 53, 61, 74, 66, 73, 70, 70, 85,  0,  0,  0, 85, 74, 88, 74,  0,  0,196,191,166,150, 62,104,106,  0,  0,  0,113,121,  0,  0,105,  0,  0,  0,  0,  0,  0,  0,  0,  0,  0,  0,  0,  0,  0,  0,  0,  0,  0,  0,  0,  0,  0,  0,  0,  0,  0,  0,  0,  0,  0,  0,  0,  0,  0,  0,  0,  0,  0,  0,  0,  0,  0,  0,  0,  0,  0,  0,  0,  0
  0,  0,  0,  0,  0,  0,  0,  0,  0,  0,  0,  0,  0,  0,  0,  0,  0,  0,  0,  0,  0,  0,  0,  0,  0,  0,  0,  0,  0,  0,  0, 66, 84, 85, 80, 56,  0,  0, 87, 80, 49, 56, 69, 81, 59, 47,  0,  0,  0, 75, 65, 59, 71,  0,  0,  0,  0,  0,  0,  0,  0,  0,  0, 77, 86, 76,221,211,195, 64,152,145,  0,  0,  0, 67, 88,  0,  0,102,116,  0,  0,  0,  0,  0,  0,  0,  0,  0,  0,  0,  0,  0,  0,  0,  0,  0,  0,  0,  0,  0,  0,  0,  0,  0,  0,  0,  0,  0,  0,  0,  0,  0,  0,  0,  0,  0,  0,  0,  0,  0,  0,  0,  0,  0,  0,  0,  0,  0
  0,  0,  0,  0,  0,  0,  0,  0,  0,  0,  0,  0,  0,  0,  0,  0,  0,  0,  0,  0,  0,  0,  0,  0,  0,  0,  0,  0,  0,  0,  0, 52, 69, 88, 73, 60, 54,  0,  0, 64, 72, 66, 52, 59, 70, 64, 47, 62, 62, 55,  0,  0,  0,  0,  0,  0,  0,  0,  0,  0, 67, 69, 69,  0,  0,  0,237,217,148,145,  0,  0,  0,  0,  0,  2,  0,  0,  0,113,  0,  0,  0,  0,  0,  0,  0,  0,  0,  0,  0,  0,  0,  0,  0,  0,  0,  0,  0,  0,  0,  0,  0,  0,  0,  0,  0,  0,  0,  0,  0,  0,  0,  0,  0,  0,  0,  0,  0,  0,  0,  0,  0,  0,  0,  0,  0,  0,  0,  0
  0,  0,  0,  0,  0,  0,  0,  0,  0,  0,  0,  0,  0,  0,  0,  0,  0,  0,  0,  0,  0,  0,  0,  0,  0,  0,  0,  0,  0,  0,  0,  0, 66, 80, 67, 83, 42,  0,  0,  0,  0, 78, 63,  0, 73, 74, 79, 74, 67, 66, 68, 70, 67, 75, 70, 77, 78, 66, 70, 68, 70,  0,  0, 66, 79, 64,190,208,126, 62, 57,  0,  0,  0,172,191,  0,  0,117,106,  0,  0,  0,  0,  0,  0,  0,  0,  0,  0,  0,  0,  0,  0,  0,  0,  0,  0,  0,  0,  0,  0,  0,  0,  0,  0,  0,  0,  0,  0,  0,  0,  0,  0,  0,  0,  0,  0,  0,  0,  0,  0,  0,  0,  0,  0,  0,  0,  0,  0
  0,  0,  0,  0,  0,  0,  0,  0,  0,  0,  0,  0,  0,  0,  0,  0,  0,  0,  0,  0,  0,  0,  0,  0,  0,  0,  0,  0,  0,  0,  0,  0,  0, 69, 76, 49, 74, 51,  0,  0,  0,  0, 65, 71, 69, 73, 75, 69, 59,  0,  0,  0,  0,  0,  0,  0,  0,  0,  0,  0,  0,  0,  0, 87, 73,152,210,200,  0,  0,  0,  0,  0,  0,182,  0,  0,  0,107,  0,  0,  0,  0,  0,  0,  0,  0,  0,  0,  0,  0,  0,  0,  0,  0,  0,  0,  0,  0,  0,  0,  0,  0,  0,  0,  0,  0,  0,  0,  0,  0,  0,  0,  0,  0,  0,  0,  0,  0,  0,  0,  0,  0,  0,  0,  0,  0,  0,  0,  0
  0,  0,  0,  0,  0,  0,  0,  0,  0,  0,  0,  0,  0,  0,  0,  0,  0,  0,  0,  0,  0,  0,  0,  0,  0,  0,  0,  0,  0,  0,  0,  0,  0,  0, 67, 80, 67, 51,  0,  0,  0,  0,  0, 56, 61,  0, 61, 74, 70, 70, 56,  0,  0,  0,  0,  0,  0,  0,  0,  0, 85, 75, 76,161,172,168,215,196, 61, 70, 91,  0,  0,128,139,  0,  0,115,120,  0,  0,  0,  0,  0,  0,  0,  0,  0,  0,  0,  0,  0,  0,  0,  0,  0,  0,  0,  0,  0,  0,  0,  0,  0,  0,  0,  0,  0,  0,  0,  0,  0,  0,  0,  0,  0,  0,  0,  0,  0,  0,  0,  0,  0,  0,  0,  0,  0,  0,  0
  0,  0,  0,  0,  0,  0,  0,  0,  0,  0,  0,  0,  0,  0,  0,  0,  0,  0,  0,  0,  0,  0,  0,  0,  0,  0,  0,  0,  0,  0,  0,  0,  0,  0, 53, 83, 71, 73,  0,  0,  0,  0,  0,  0, 40, 58, 48,  0, 74, 70, 68, 52,  0,  0,  0,  0,  0, 34, 70, 69, 65,  0,154,165,147,  0,226,203,  0,  0, 93,114,  0, 70,  0,  0,  0,111,  0,  0,  0,  0,  0,  0,  0,  0,  0,  0,  0,  0,  0,  0,  0,  0,  0,  0,  0,  0,  0,  0,  0,  0,  0,  0,  0,  0,  0,  0,  0,  0,  0,  0,  0,  0,  0,  0,  0,  0,  0,  0,  0,  0,  0,  0,  0,  0,  0,  0,  0,  0
  0,  0,  0,  0,  0,  0,  0,  0,  0,  0,  0,  0,  0,  0,  0,  0,  0,  0,  0,  0,  0,  0,  0,  0,  0,  0,  0,  0,  0,  0,  0,  0,  0,  0,  0, 52, 86, 53, 74,  0,  0,  0,  0,  0,  0, 40, 60,  0,  0, 74, 68, 68, 74,  0,  0,  0,  0,  0,  0,  0,  0,154,154,  0,  0,  0,231,199,  0,  0,  0,168,  0, 82,  0,  0,118,100,  0,  0,  0,  0,  0,  0,  0,  0,  0,  0,  0,  0,  0,  0,  0,  0,  0,  0,  0,  0,  0,  0,  0,  0,  0,  0,  0,  0,  0,  0,  0,  0,  0,  0,  0,  0,  0,  0,  0,  0,  0,  0,  0,  0,  0,  0,  0,  0,  0,  0,  0,  0
  0,  0,  0,  0,  0,  0,  0,  0,  0,  0,  0,  0,  0,  0,  0,  0,  0,  0,  0,  0,  0,  0,  0,  0,  0,  0,  0,  0,  0,  0,  0,  0,  0,  0,  0,  0, 73, 79, 76, 89,  0,  0,  0,  0,  0, 64, 52, 43, 36,  0,  0, 69, 76, 66, 71,  0,  0,122,103,103,119, 98,  0,  0,  0,  0,198,197,  0,  0,  0,147,  0, 88,  0, 90,118,  0,  0,  0,  0,  0,  0,  0,  0,  0,  0,  0,  0,  0,  0,  0,  0,  0,  0,  0,  0,  0,  0,  0,  0,  0,  0,  0,  0,  0,  0,  0,  0,  0,  0,  0,  0,  0,  0,  0,  0,  0,  0,  0,  0,  0,  0,  0,  0,  0,  0,  0,  0,  0
  0,  0,  0,  0,  0,  0,  0,  0,  0,  0,  0,  0,  0,  0,  0,  0,  0,  0,  0,  0,  0,  0,  0,  0,  0,  0,  0,  0,  0,  0,  0,  0,  0,  0,  0,  0,  0, 81, 79, 72,  0,  0,  0,  0,  0, 51,  0,  0, 49, 61,  0,  0, 59, 71, 80, 73,125,122,  0, 93, 66,  0,  0,  0,  0,  0,215,  0,  0, 70, 72,166, 84, 81,  0,119,  0,  0,  0,  0,  0,  0,  0,  0,  0,  0,  0,  0,  0,  0,  0,  0,  0,  0,  0,  0,  0,  0,  0,  0,  0,  0,  0,  0,  0,  0,  0,  0,  0,  0,  0,  0,  0,  0,  0,  0,  0,  0,  0,  0,  0,  0,  0,  0,  0,  0,  0,  0,  0,  0
  0,  0,  0,  0,  0,  0,  0,  0,  0,  0,  0,  0,  0,  0,  0,  0,  0,  0,  0,  0,  0,  0,  0,  0,  0,  0,  0,  0,  0,  0,  0,  0,  0,  0,  0,  0,  0, 48, 81, 82, 83,  0,  0,  0,  0, 57,  0,  0,  0,  0, 48, 51,  0, 69,217,153,115, 87,100, 79,  0,  0,  0,  0,  0,  0,214,  0,  0, 82, 59,161,157, 74, 93,112,  0,  0,  0,  0,  0,  0,  0,  0,  0,  0,  0,  0,  0,  0,  0,  0,  0,  0,  0,  0,  0,  0,  0,  0,  0,  0,  0,  0,  0,  0,  0,  0,  0,  0,  0,  0,  0,  0,  0,  0,  0,  0,  0,  0,  0,  0,  0,  0,  0,  0,  0,  0,  0,  0
  0,  0,  0,  0,  0,  0,  0,  0,  0,  0,  0,  0,  0,  0,  0,  0,  0,  0,  0,  0,  0,  0,  0,  0,  0,  0,  0,  0,  0,  0,  0,  0,  0,  0,  0,  0,  0,  0, 46, 79, 63, 73,  0,  0,  0, 50,  0,  0,  0,  0,  0, 58, 49,223,226, 64, 92, 85, 73,  0,  0,  0,  0,  0,  0,194,235,  0, 69, 50, 60,  0,133,  0,118,  0,  0,  0,  0,  0,  0,  0,  0,  0,  0,  0,  0,  0,  0,  0,  0,  0,  0,  0,  0,  0,  0,  0,  0,  0,  0,  0,  0,  0,  0,  0,  0,  0,  0,  0,  0,  0,  0,  0,  0,  0,  0,  0,  0,  0,  0,  0,  0,  0,  0,  0,  0,  0,  0,  0
  0,  0,  0,  0,  0,  0,  0,  0,  0,  0,  0,  0,  0,  0,  0,  0,  0,  0,  0,  0,  0,  0,  0,  0,  0,  0,  0,  0,  0,  0,  0,  0,  0,  0,  0,  0,  0,  0,  0, 63, 55, 69,  0,  0,  0, 42,  0,  0,  0,  0,  0,  0,173,127,  0, 86,100, 60, 65, 80,  0,  0,  0,  0,  0,200,188, 70,  0,  0, 38,  0,130,109,114,  0,  0,  0,  0,  0,  0,  0,  0,  0,  0,  0,  0,  0,  0,  0,  0,  0,  0,  0,  0,  0,  0,  0,  0,  0,  0,  0,  0,  0,  0,  0,  0,  0,  0,  0,  0,  0,  0,  0,  0,  0,  0,  0,  0,  0,  0,  0,  0,  0,  0,  0,  0,  0,  0,  0
  0,  0,  0,  0,  0,  0,  0,  0,  0,  0,  0,  0,  0,  0,  0,  0,  0,  0,  0,  0,  0,  0,  0,  0,  0,  0,  0,  0,  0,  0,  0,  0,  0,  0,  0,  0,  0,  0,  0, 51, 62, 66, 71,  0,  0, 77,  0,  0,  0,  0,  0,110,156, 94, 92, 78,  0, 60, 72, 67, 67,  0,  0,  0,  0,196,199, 46,  0,  0, 53,  0,104,105,  0,  0,  0,  0,  0,  0,  0,  0,  0,  0,  0,  0,  0,  0,  0,  0,  0,  0,  0,  0,  0,  0,  0,  0,  0,  0,  0,  0,  0,  0,  0,  0,  0,  0,  0,  0,  0,  0,  0,  0,  0,  0,  0,  0,  0,  0,  0,  0,  0,  0,  0,  0,  0,  0,  0,  0
  0,  0,  0,  0,  0,  0,  0,  0,  0,  0,  0,  0,  0,  0,  0,  0,  0,  0,  0,  0,  0,  0,  0,  0,  0,  0,  0,  0,  0,  0,  0,  0,  0,  0,  0,  0,  0,  0,  0,  0, 55,  0, 58, 76,  0, 41,  0,  0,  0, 99,102, 96, 93, 86, 69, 66,  0,  0,  0, 68, 69, 72, 64, 82,  0,193,198,  0,  0,  0, 71,120,112,118,  0,  0,  0,  0,  0,  0,  0,  0,  0,  0,  0,  0,  0,  0,  0,  0,  0,  0,  0,  0,  0,  0,  0,  0,  0,  0,  0,  0,  0,  0,  0,  0,  0,  0,  0,  0,  0,  0,  0,  0,  0,  0,  0,  0,  0,  0,  0,  0,  0,  0,  0,  0,  0,  0,  0,  0
  0,  0,  0,  0,  0,  0,  0,  0,  0,  0,  0,  0,  0,  0,  0,  0,  0,  0,  0,  0,  0,  0,  0,  0,  0,  0,  0,  0,  0,  0,  0,  0,  0,  0,  0,  0,  0,  0,  0,  0, 54, 34,  0, 90,  0, 58,  0, 86,115, 85,  0, 87, 98,  0,  0, 58, 80,  0,  0,  0,  0,  0, 67, 75, 62,199,205, 70,  0,  0, 58,126,125,  0,  0,  0,  0,  0,  0,  0,  0,  0,  0,  0,  0,  0,  0,  0,  0,  0,  0,  0,  0,  0,  0,  0,  0,  0,  0,  0,  0,  0,  0,  0,  0,  0,  0,  0,  0,  0,  0,  0,  0,  0,  0,  0,  0,  0,  0,  0,  0,  0,  0,  0,  0,  0,  0,  0,  0,  0
  0,  0,  0,  0,  0,  0,  0,  0,  0,  0,  0,  0,  0,  0,  0,  0,  0,  0,  0,  0,  0,  0,  0,  0,  0,  0,  0,  0,  0,  0,  0,  0,  0,  0,  0,  0,  0,  0,  0,  0, 54, 37,  0, 64, 69, 53, 76, 89,  0,  0, 94, 87,  0,  0,  0,  0, 60, 59,  0,  0,  0,  0,  0, 64, 60,200,204, 51, 45,  0, 50,104, 95,  0,  0,  0,  0,  0,  0,  0,  0,  0,  0,  0,  0,  0,  0,  0,  0,  0,  0,  0,  0,  0,  0,  0,  0,  0,  0,  0,  0,  0,  0,  0,  0,  0,  0,  0,  0,  0,  0,  0,  0,  0,  0,  0,  0,  0,  0,  0,  0,  0,  0,  0,  0,  0,  0,  0,  0,  0
  0,  0,  0,  0,  0,  0,  0,  0,  0,  0,  0,  0,  0,  0,  0,  0,  0,  0,  0,  0,  0,  0,  0,  0,  0,  0,  0,  0,  0,  0,  0,  0,  0,  0,  0,  0,  0,  0,  0,  0, 49, 57,  0,  0, 64, 70, 68,  0, 95, 87, 74,  0,  0,  0,  0,  0,  0, 77, 62,  0,  0, 62, 57, 48, 85,195,213,  0, 51, 50, 78, 67, 67,  0,  0,  0,  0,  0,  0,  0,  0,  0,  0,  0,  0,  0,  0,  0,  0,  0,  0,  0,  0,  0,  0,  0,  0,  0,  0,  0,  0,  0,  0,  0,  0,  0,  0,  0,  0,  0,  0,  0,  0,  0,  0,  0,  0,  0,  0,  0,  0,  0,  0,  0,  0,  0,  0,  0,  0,  0
  0,  0,  0,  0,  0,  0,  0,  0,  0,  0,  0,  0,  0,  0,  0,  0,  0,  0,  0,  0,  0,  0,  0,  0,  0,  0,  0,  0,  0,  0,  0,  0,  0,  0,  0,  0,  0,  0,  0,  0, 47, 69,  0,  0, 64, 68, 56, 86, 94,  0,  0,  0,  0,  0,  0,  0,  0,  0, 66, 60, 60, 61,  0,  0, 63,201,223,  0,  0, 55, 62, 77, 61,  0,  0,  0,  0,  0,  0,  0,  0,  0,  0,  0,  0,  0,  0,  0,  0,  0,  0,  0,  0,  0,  0,  0,  0,  0,  0,  0,  0,  0,  0,  0,  0,  0,  0,  0,  0,  0,  0,  0,  0,  0,  0,  0,  0,  0,  0,  0,  0,  0,  0,  0,  0,  0,  0,  0,  0,  0
  0,  0,  0,  0,  0,  0,  0,  0,  0,  0,  0,  0,  0,  0,  0,  0,  0,  0,  0,  0,  0,  0,  0,  0,  0,  0,  0,  0,  0,  0,  0,  0,  0,  0,  0,  0,  0,  0,  0,  0, 45, 50, 55,  0, 51, 62, 94, 81,  0,  0,  0,  0,  0,  0,  0,  0,  0,  0,  0, 74, 63,  0,  0,  0,  0,198,258,  0,  0, 45, 57, 69, 62,  0,  0,  0,  0,  0,  0,  0,  0,  0,  0,  0,  0,  0,  0,  0,  0,  0,  0,  0,  0,  0,  0,  0,  0,  0,  0,  0,  0,  0,  0,  0,  0,  0,  0,  0,  0,  0,  0,  0,  0,  0,  0,  0,  0,  0,  0,  0,  0,  0,  0,  0,  0,  0,  0,  0,  0,  0
  0,  0,  0,  0,  0,  0,  0,  0,  0,  0,  0,  0,  0,  0,  0,  0,  0,  0,  0,  0,  0,  0,  0,  0,  0,  0,  0,  0,  0,  0,  0,  0,  0,  0,  0,  0,  0,  0,  0,  0,  0, 51, 33,  0, 47, 84, 61, 67,  0,  0,  0,  0,  0,  0,  0,  0,  0,  0, 65, 73, 68, 57,  0,  0,  0,227,216,  0,  0, 53, 67, 66, 54,  0,  0,  0,  0,  0,  0,  0,  0,  0,  0,  0,  0,  0,  0,  0,  0,  0,  0,  0,  0,  0,  0,  0,  0,  0,  0,  0,  0,  0,  0,  0,  0,  0,  0,  0,  0,  0,  0,  0,  0,  0,  0,  0,  0,  0,  0,  0,  0,  0,  0,  0,  0,  0,  0,  0,  0,  0
  0,  0,  0,  0,  0,  0,  0,  0,  0,  0,  0,  0,  0,  0,  0,  0,  0,  0,  0,  0,  0,  0,  0,  0,  0,  0,  0,  0,  0,  0,  0,  0,  0,  0,  0,  0,  0,  0,  0,  0,  0, 47, 37,  0, 50,111,  0, 49, 58,  0,  0,  0,  0,  0,  0,  0, 53, 65, 51,  0,  0, 82, 53,  0,  0,233,  0, 52,  0, 41, 64, 58, 47,  0,  0,  0,  0,  0,  0,  0,  0,  0,  0,  0,  0,  0,  0,  0,  0,  0,  0,  0,  0,  0,  0,  0,  0,  0,  0,  0,  0,  0,  0,  0,  0,  0,  0,  0,  0,  0,  0,  0,  0,  0,  0,  0,  0,  0,  0,  0,  0,  0,  0,  0,  0,  0,  0,  0,  0,  0
  0,  0,  0,  0,  0,  0,  0,  0,  0,  0,  0,  0,  0,  0,  0,  0,  0,  0,  0,  0,  0,  0,  0,  0,  0,  0,  0,  0,  0,  0,  0,  0,  0,  0,  0,  0,  0,  0,  0,  0,  0, 50, 57,  0, 93,109,  0,  0, 79,  0,  0,  0,  0,  0,  0,  0, 62,  0,  0,  0,  0,  0, 69, 67,  0,249,  0, 67, 72, 54, 82,101, 55,  0,  0,  0,  0,  0,  0,  0,  0,  0,  0,  0,  0,  0,  0,  0,  0,  0,  0,  0,  0,  0,  0,  0,  0,  0,  0,  0,  0,  0,  0,  0,  0,  0,  0,  0,  0,  0,  0,  0,  0,  0,  0,  0,  0,  0,  0,  0,  0,  0,  0,  0,  0,  0,  0,  0,  0,  0
  0,  0,  0,  0,  0,  0,  0,  0,  0,  0,  0,  0,  0,  0,  0,  0,  0,  0,  0,  0,  0,  0,  0,  0,  0,  0,  0,  0,  0,  0,  0,  0,  0,  0,  0,  0,  0,  0,  0,  0,  0, 54, 51, 37, 80,113,  0,  0,  0, 70,  0,  0,  0,  0, 71, 66,  0,  0,  0,  0,  0,  0,  0, 80, 61,254,  0,  0, 60, 51, 75, 84, 50,  0,  0,  0,  0,  0,  0,  0,  0,  0,  0,  0,  0,  0,  0,  0,  0,  0,  0,  0,  0,  0,  0,  0,  0,  0,  0,  0,  0,  0,  0,  0,  0,  0,  0,  0,  0,  0,  0,  0,  0,  0,  0,  0,  0,  0,  0,  0,  0,  0,  0,  0,  0,  0,  0,  0,  0,  0
  0,  0,  0,  0,  0,  0,  0,  0,  0,  0,  0,  0,  0,  0,  0,  0,  0,  0,  0,  0,  0,  0,  0,  0,  0,  0,  0,  0,  0,  0,  0,  0,  0,  0,  0,  0,  0,  0,  0,  0,  0, 54,  0, 62, 86,120,  0,  0,  0, 68, 68,  0,  0, 55, 53,  0,  0,  0,  0,  0,  0,  0,  0,  0,  0,183,  0,  0, 86, 54, 66, 86, 56,  0,  0,  0,  0,  0,  0,  0,  0,  0,  0,  0,  0,  0,  0,  0,  0,  0,  0,  0,  0,  0,  0,  0,  0,  0,  0,  0,  0,  0,  0,  0,  0,  0,  0,  0,  0,  0,  0,  0,  0,  0,  0,  0,  0,  0,  0,  0,  0,  0,  0,  0,  0,  0,  0,  0,  0,  0
  0,  0,  0,  0,  0,  0,  0,  0,  0,  0,  0,  0,  0,  0,  0,  0,  0,  0,  0,  0,  0,  0,  0,  0,  0,  0,  0,  0,  0,  0,  0,  0,  0,  0,  0,  0,  0,  0,  0,  0,  0, 53,  0, 90,125,  0,  0,  0,  0,  0, 86, 44, 63, 46,  0,  0,  0,  0,  0,  0,  0,  0,  0,  0,  0,250, 70, 67, 76, 75, 70, 86, 55,  0,  0,  0,  0,  0,  0,  0,  0,  0,  0,  0,  0,  0,  0,  0,  0,  0,  0,  0,  0,  0,  0,  0,  0,  0,  0,  0,  0,  0,  0,  0,  0,  0,  0,  0,  0,  0,  0,  0,  0,  0,  0,  0,  0,  0,  0,  0,  0,  0,  0,  0,  0,  0,  0,  0,  0,  0
  0,  0,  0,  0,  0,  0,  0,  0,  0,  0,  0,  0,  0,  0,  0,  0,  0,  0,  0,  0,  0,  0,  0,  0,  0,  0,  0,  0,  0,  0,  0,  0,  0,  0,  0,  0,  0,  0,  0,  0,  0, 53,  0, 83,114,  0,  0,  0,  0,  0,  0, 65, 63,  0,  0,  0,  0,  0,  0,  0,  0,  0,  0,  0,  0,249,  0, 80, 53, 63, 60, 89, 49,  0,  0,  0,  0,  0,  0,  0,  0,  0,  0,  0,  0,  0,  0,  0,  0,  0,  0,  0,  0,  0,  0,  0,  0,  0,  0,  0,  0,  0,  0,  0,  0,  0,  0,  0,  0,  0,  0,  0,  0,  0,  0,  0,  0,  0,  0,  0,  0,  0,  0,  0,  0,  0,  0,  0,  0,  0
  0,  0,  0,  0,  0,  0,  0,  0,  0,  0,  0,  0,  0,  0,  0,  0,  0,  0,  0,  0,  0,  0,  0,  0,  0,  0,  0,  0,  0,  0,  0,  0,  0,  0,  0,  0,  0,  0,  0,  0,  0, 54, 92, 63,130,  0,  0,  0,  0,  0,  0, 71, 56,  0,  0,  0,  0,  0,  0,  0,  0,  0,  0,  0,  0,232,  0,  0, 48, 68, 68, 93, 54,  0,  0,  0,  0,  0,  0,  0,  0,  0,  0,  0,  0,  0,  0,  0,  0,  0,  0,  0,  0,  0,  0,  0,  0,  0,  0,  0,  0,  0,  0,  0,  0,  0,  0,  0,  0,  0,  0,  0,  0,  0,  0,  0,  0,  0,  0,  0,  0,  0,  0,  0,  0,  0,  0,  0,  0,  0
  0,  0,  0,  0,  0,  0,  0,  0,  0,  0,  0,  0,  0,  0,  0,  0,  0,  0,  0,  0,  0,  0,  0,  0,  0,  0,  0,  0,  0,  0,  0,  0,  0,  0,  0,  0,  0,  0,  0,  0,  0, 73, 75,  0,129,  0,  0,  0,  0,  0,  0, 51, 47, 31,  0,  0,  0,  0,  0,  0,  0,  0,  0,  0,  0,248,  0,  0, 42, 68, 89, 84, 56,  0,  0,  0,  0,  0,  0,  0,  0,  0,  0,  0,  0,  0,  0,  0,  0,  0,  0,  0,  0,  0,  0,  0,  0,  0,  0,  0,  0,  0,  0,  0,  0,  0,  0,  0,  0,  0,  0,  0,  0,  0,  0,  0,  0,  0,  0,  0,  0,  0,  0,  0,  0,  0,  0,  0,  0,  0
  0,  0,  0,  0,  0,  0,  0,  0,  0,  0,  0,  0,  0,  0,  0,  0,  0,  0,  0,  0,  0,  0,  0,  0,  0,  0,  0,  0,  0,  0,  0,  0,  0,  0,  0,  0,  0,  0,  0,  0,  0, 85, 62,  0,116,  0,  0,  0,  0,  0,  0, 59,  0,  0,  0,  0,  0,  0,  0,  0,  0,  0,  0,  0,  0,245,  0,  0, 69, 60, 78, 76, 50,  0,  0,  0,  0,  0,  0,  0,  0,  0,  0,  0,  0,  0,  0,  0,  0,  0,  0,  0,  0,  0,  0,  0,  0,  0,  0,  0,  0,  0,  0,  0,  0,  0,  0,  0,  0,  0,  0,  0,  0,  0,  0,  0,  0,  0,  0,  0,  0,  0,  0,  0,  0,  0,  0,  0,  0,  0
  0,  0,  0,  0,  0,  0,  0,  0,  0,  0,  0,  0,  0,  0,  0,  0,  0,  0,  0,  0,  0,  0,  0,  0,  0,  0,  0,  0,  0,  0,  0,  0,  0,  0,  0,  0,  0,  0,  0,  0,  0, 90,  0,  0,105,  0,  0,  0,  0,  0,  0, 87,  0,  0,  0,  0,  0,  0,  0,  0,  0,  0,  0,  0,  0,243,  0,  0, 50, 64, 57, 80, 59,  0,  0,  0,  0,  0,  0,  0,  0,  0,  0,  0,  0,  0,  0,  0,  0,  0,  0,  0,  0,  0,  0,  0,  0,  0,  0,  0,  0,  0,  0,  0,  0,  0,  0,  0,  0,  0,  0,  0,  0,  0,  0,  0,  0,  0,  0,  0,  0,  0,  0,  0,  0,  0,  0,  0,  0,  0
  0,  0,  0,  0,  0,  0,  0,  0,  0,  0,  0,  0,  0,  0,  0,  0,  0,  0,  0,  0,  0,  0,  0,  0,  0,  0,  0,  0,  0,  0,  0,  0,  0,  0,  0,  0,  0,  0,  0,  0,  0, 55,  0, 51,117,  0,  0,  0,  0,  0, 54, 68, 73,  0,  0,  0,  0,  0,  0,  0,  0,  0,  0,  0,  0,246,  0,  0, 57, 69, 50, 82, 57,  0,  0,  0,  0,  0,  0,  0,  0,  0,  0,  0,  0,  0,  0,  0,  0,  0,  0,  0,  0,  0,  0,  0,  0,  0,  0,  0,  0,  0,  0,  0,  0,  0,  0,  0,  0,  0,  0,  0,  0,  0,  0,  0,  0,  0,  0,  0,  0,  0,  0,  0,  0,  0,  0,  0,  0,  0
  0,  0,  0,  0,  0,  0,  0,  0,  0,  0,  0,  0,  0,  0,  0,  0,  0,  0,  0,  0,  0,  0,  0,  0,  0,  0,  0,  0,  0,  0,  0,  0,  0,  0,  0,  0,  0,  0,  0,  0,  0, 54,  0, 49,100,  0,  0,  0,  0,  0, 79, 65, 42, 71, 55, 64, 73,  0,  0,  0,  0,  0,  0,  0,  0,244,  0,  0, 53, 66, 53, 79, 61,  0,  0,  0,  0,  0,  0,  0,  0,  0,  0,  0,  0,  0,  0,  0,  0,  0,  0,  0,  0,  0,  0,  0,  0,  0,  0,  0,  0,  0,  0,  0,  0,  0,  0,  0,  0,  0,  0,  0,  0,  0,  0,  0,  0,  0,  0,  0,  0,  0,  0,  0,  0,  0,  0,  0,  0,  0
  0,  0,  0,  0,  0,  0,  0,  0,  0,  0,  0,  0,  0,  0,  0,  0,  0,  0,  0,  0,  0,  0,  0,  0,  0,  0,  0,  0,  0,  0,  0,  0,  0,  0,  0,  0,  0,  0,  0,  0,  0, 53,  0, 58, 96,  0,  0,  0,  0,  0, 56,  0,  0,  0,  0,  0, 44, 67, 57, 63,  0,  0,  0,  0,  0,232,  0,  0,  0, 74, 56, 78, 42,  0,  0,  0,  0,  0,  0,  0,  0,  0,  0,  0,  0,  0,  0,  0,  0,  0,  0,  0,  0,  0,  0,  0,  0,  0,  0,  0,  0,  0,  0,  0,  0,  0,  0,  0,  0,  0,  0,  0,  0,  0,  0,  0,  0,  0,  0,  0,  0,  0,  0,  0,  0,  0,  0,  0,  0,  0
  0,  0,  0,  0,  0,  0,  0,  0,  0,  0,  0,  0,  0,  0,  0,  0,  0,  0,  0,  0,  0,  0,  0,  0,  0,  0,  0,  0,  0,  0,  0,  0,  0,  0,  0,  0,  0,  0,  0,  0,  0, 61,  0, 76, 59,  0,  0,  0,  0,  0, 86,  0,  0,  0,  0,  0,  0,  0,  0, 57, 62, 63, 61,  0,  0,258,  0,  0,  0, 75, 44, 82, 49,  0,  0,  0,  0,  0,  0,  0,  0,  0,  0,  0,  0,  0,  0,  0,  0,  0,  0,  0,  0,  0,  0,  0,  0,  0,  0,  0,  0,  0,  0,  0,  0,  0,  0,  0,  0,  0,  0,  0,  0,  0,  0,  0,  0,  0,  0,  0,  0,  0,  0,  0,  0,  0,  0,  0,  0,  0
  0,  0,  0,  0,  0,  0,  0,  0,  0,  0,  0,  0,  0,  0,  0,  0,  0,  0,  0,  0,  0,  0,  0,  0,  0,  0,  0,  0,  0,  0,  0,  0,  0,  0,  0,  0,  0,  0,  0,  0,  0, 50,  0, 69,  0,  0,  0,  0,  0,  0, 44,  0,  0,  0,  0,  0,  0,  0,  0,  0,  0,  0, 61, 84, 92,244,  0,  0,  0, 70, 42, 66, 81,  0,  0,  0,  0,  0,  0,  0,  0,  0,  0,  0,  0,  0,  0,  0,  0,  0,  0,  0,  0,  0,  0,  0,  0,  0,  0,  0,  0,  0,  0,  0,  0,  0,  0,  0,  0,  0,  0,  0,  0,  0,  0,  0,  0,  0,  0,  0,  0,  0,  0,  0,  0,  0,  0,  0,  0,  0
  0,  0,  0,  0,  0,  0,  0,  0,  0,  0,  0,  0,  0,  0,  0,  0,  0,  0,  0,  0,  0,  0,  0,  0,  0,  0,  0,  0,  0,  0,  0,  0,  0,  0,  0,  0,  0,  0,  0,  0,  0, 52,  0, 74,  0,  0,  0,  0,  0,  0, 58,  0,  0,  0,  0,  0,  0,  0,  0,  0,  0,  0,  0,  0, 80,262,  0,  0,  0, 68, 51, 89, 64,  0,  0,  0,  0,  0,  0,  0,  0,  0,  0,  0,  0,  0,  0,  0,  0,  0,  0,  0,  0,  0,  0,  0,  0,  0,  0,  0,  0,  0,  0,  0,  0,  0,  0,  0,  0,  0,  0,  0,  0,  0,  0,  0,  0,  0,  0,  0,  0,  0,  0,  0,  0,  0,  0,  0,  0,  0
  0,  0,  0,  0,  0,  0,  0,  0,  0,  0,  0,  0,  0,  0,  0,  0,  0,  0,  0,  0,  0,  0,  0,  0,  0,  0,  0,  0,  0,  0,  0,  0,  0,  0,  0,  0,  0,  0,  0,  0,  0, 53,  0, 52, 73,  0,  0,  0,  0, 86, 57,  0,  0,  0,  0,  0,  0,  0,  0,  0,  0,  0,  0,  0, 75,235,  0,  0,  0, 76, 50, 64, 73,  0,  0,  0,  0,  0,  0,  0,  0,  0,  0,  0,  0,  0,  0,  0,  0,  0,  0,  0,  0,  0,  0,  0,  0,  0,  0,  0,  0,  0,  0,  0,  0,  0,  0,  0,  0,  0,  0,  0,  0,  0,  0,  0,  0,  0,  0,  0,  0,  0,  0,  0,  0,  0,  0,  0,  0,  0
  0,  0,  0,  0,  0,  0,  0,  0,  0,  0,  0,  0,  0,  0,  0,  0,  0,  0,  0,  0,  0,  0,  0,  0,  0,  0,  0,  0,  0,  0,  0,  0,  0,  0,  0,  0,  0,  0,  0,  0,  0, 60,  0,  0, 60,  0,  0,  0,  0, 45,  0,  0,  0,  0,  0,  0,  0,  0,  0,  0,  0,  0,  0,  0,  0,221, 80,  0,  0, 63, 64, 60, 55,  0,  0,  0,  0,  0,  0,  0,  0,  0,  0,  0,  0,  0,  0,  0,  0,  0,  0,  0,  0,  0,  0,  0,  0,  0,  0,  0,  0,  0,  0,  0,  0,  0,  0,  0,  0,  0,  0,  0,  0,  0,  0,  0,  0,  0,  0,  0,  0,  0,  0,  0,  0,  0,  0,  0,  0,  0
  0,  0,  0,  0,  0,  0,  0,  0,  0,  0,  0,  0,  0,  0,  0,  0,  0,  0,  0,  0,  0,  0,  0,  0,  0,  0,  0,  0,  0,  0,  0,  0,  0,  0,  0,  0,  0,  0,  0,  0,  0, 50,  0,  0, 63,  0,  0,  0,  0, 59,  0,  0,  0,  0,  0,  0,  0,  0,  0,  0,  0,  0,  0,  0,  0,234, 67,  0,  0, 69, 88, 60, 60,  0,  0,  0,  0,  0,  0,  0,  0,  0,  0,  0,  0,  0,  0,  0,  0,  0,  0,  0,  0,  0,  0,  0,  0,  0,  0,  0,  0,  0,  0,  0,  0,  0,  0,  0,  0,  0,  0,  0,  0,  0,  0,  0,  0,  0,  0,  0,  0,  0,  0,  0,  0,  0,  0,  0,  0,  0
  0,  0,  0,  0,  0,  0,  0,  0,  0,  0,  0,  0,  0,  0,  0,  0,  0,  0,  0,  0,  0,  0,  0,  0,  0,  0,  0,  0,  0,  0,  0,  0,  0,  0,  0,  0,  0,  0,  0,  0,  0, 54,  0,  0, 68,  0,  0,  0,  0, 57,  0,  0,  0,  0,  0,  0,  0,  0,  0,  0,  0,  0,  0,  0,  0,244, 67, 93,  0, 74, 87, 64, 73,  0,  0,  0,  0,  0,  0,  0,  0,  0,  0,  0,  0,  0,  0,  0,  0,  0,  0,  0,  0,  0,  0,  0,  0,  0,  0,  0,  0,  0,  0,  0,  0,  0,  0,  0,  0,  0,  0,  0,  0,  0,  0,  0,  0,  0,  0,  0,  0,  0,  0,  0,  0,  0,  0,  0,  0,  0
  0,  0,  0,  0,  0,  0,  0,  0,  0,  0,  0,  0,  0,  0,  0,  0,  0,  0,  0,  0,  0,  0,  0,  0,  0,  0,  0,  0,  0,  0,  0,  0,  0,  0,  0,  0,  0,  0,  0,  0,  0, 49,  0,  0, 65,  0,  0,  0,  0, 56,  0,  0,  0,  0,  0,  0,  0,  0,  0,  0,  0,  0,  0,  0,  0,236,  0, 66,  0, 74, 71, 61, 60,  0,  0,  0,  0,  0,  0,  0,  0,  0,  0,  0,  0,  0,  0,  0,  0,  0,  0,  0,  0,  0,  0,  0,  0,  0,  0,  0,  0,  0,  0,  0,  0,  0,  0,  0,  0,  0,  0,  0,  0,  0,  0,  0,  0,  0,  0,  0,  0,  0,  0,  0,  0,  0,  0,  0,  0,  0
  0,  0,  0,  0,  0,  0,  0,  0,  0,  0,  0,  0,  0,  0,  0,  0,  0,  0,  0,  0,  0,  0,  0,  0,  0,  0,  0,  0,  0,  0,  0,  0,  0,  0,  0,  0,  0,  0,  0,  0,  0, 53,  0,  0, 77,  0,  0,  0, 57, 50,  0,  0,  0,  0,  0,  0,  0,  0,  0,  0,  0,  0,  0,  0,  0,219,  0, 63, 91, 64, 87, 82, 64,  0,  0,  0,  0,  0,  0,  0,  0,  0,  0,  0,  0,  0,  0,  0,  0,  0,  0,  0,  0,  0,  0,  0,  0,  0,  0,  0,  0,  0,  0,  0,  0,  0,  0,  0,  0,  0,  0,  0,  0,  0,  0,  0,  0,  0,  0,  0,  0,  0,  0,  0,  0,  0,  0,  0,  0,  0
  0,  0,  0,  0,  0,  0,  0,  0,  0,  0,  0,  0,  0,  0,  0,  0,  0,  0,  0,  0,  0,  0,  0,  0,  0,  0,  0,  0,  0,  0,  0,  0,  0,  0,  0,  0,  0,  0,  0,  0,  0, 48,  0,  0, 56,  0,  0,  0, 56,  0,  0,  0,  0,  0,  0,  0,  0,  0,  0,  0,  0,  0,  0,  0,  0,210,  0,  0, 66, 62, 75, 70, 70,  0,  0,  0,  0,  0,  0,  0,  0,  0,  0,  0,  0,  0,  0,  0,  0,  0,  0,  0,  0,  0,  0,  0,  0,  0,  0,  0,  0,  0,  0,  0,  0,  0,  0,  0,  0,  0,  0,  0,  0,  0,  0,  0,  0,  0,  0,  0,  0,  0,  0,  0,  0,  0,  0,  0,  0,  0
  0,  0,  0,  0,  0,  0,  0,  0,  0,  0,  0,  0,  0,  0,  0,  0,  0,  0,  0,  0,  0,  0,  0,  0,  0,  0,  0,  0,  0,  0,  0,  0,  0,  0,  0,  0,  0,  0,  0,  0,  0, 41, 38,  0, 50,  0,  0,  0, 60,  0,  0,  0,  0,  0,  0,  0,  0,  0,  0,  0,  0,  0,  0,  0,  0,  0,188,  0, 43, 74, 58, 73,101,  0,  0,  0,  0,  0,  0,  0,  0,  0,  0,  0,  0,  0,  0,  0,  0,  0,  0,  0,  0,  0,  0,  0,  0,  0,  0,  0,  0,  0,  0,  0,  0,  0,  0,  0,  0,  0,  0,  0,  0,  0,  0,  0,  0,  0,  0,  0,  0,  0,  0,  0,  0,  0,  0,  0,  0,  0
  0,  0,  0,  0,  0,  0,  0,  0,  0,  0,  0,  0,  0,  0,  0,  0,  0,  0,  0,  0,  0,  0,  0,  0,  0,  0,  0,  0,  0,  0,  0,  0,  0,  0,  0,  0,  0,  0,  0,  0,  0,  0, 44,  0, 56,  0,  0,  0, 80,  0,  0,  0,  0,  0,  0,  0,  0,  0,  0,  0,  0,  0,  0,  0,  0,  0,192,  0, 67, 80, 71, 65, 84,  0,  0,  0,  0,  0,  0,  0,  0,  0,  0,  0,  0,  0,  0,  0,  0,  0,  0,  0,  0,  0,  0,  0,  0,  0,  0,  0,  0,  0,  0,  0,  0,  0,  0,  0,  0,  0,  0,  0,  0,  0,  0,  0,  0,  0,  0,  0,  0,  0,  0,  0,  0,  0,  0,  0,  0,  0
  0,  0,  0,  0,  0,  0,  0,  0,  0,  0,  0,  0,  0,  0,  0,  0,  0,  0,  0,  0,  0,  0,  0,  0,  0,  0,  0,  0,  0,  0,  0,  0,  0,  0,  0,  0,  0,  0,  0,  0,  0,  0, 56,  0, 56,  0,  0,  0, 56,  0,  0,  0,  0,  0,  0,  0,  0,  0,  0,  0,  0,  0,  0,  0,  0,  0,131,  0, 64, 58, 56, 67, 81,  0,  0,  0,  0,  0,  0,  0,  0,  0,  0,  0,  0,  0,  0,  0,  0,  0,  0,  0,  0,  0,  0,  0,  0,  0,  0,  0,  0,  0,  0,  0,  0,  0,  0,  0,  0,  0,  0,  0,  0,  0,  0,  0,  0,  0,  0,  0,  0,  0,  0,  0,  0,  0,  0,  0,  0,  0
  0,  0,  0,  0,  0,  0,  0,  0,  0,  0,  0,  0,  0,  0,  0,  0,  0,  0,  0,  0,  0,  0,  0,  0,  0,  0,  0,  0,  0,  0,  0,  0,  0,  0,  0,  0,  0,  0,  0,  0,  0,  0, 39,  0, 48,  0,  0, 65, 48,  0,  0,  0,  0,  0,  0,  0,  0,  0,  0,  0,  0,  0,  0,  0,  0,  0, 89,  0, 85, 49, 55, 53, 64,  0,  0,  0,  0,  0,  0,  0,  0,  0,  0,  0,  0,  0,  0,  0,  0,  0,  0,  0,  0,  0,  0,  0,  0,  0,  0,  0,  0,  0,  0,  0,  0,  0,  0,  0,  0,  0,  0,  0,  0,  0,  0,  0,  0,  0,  0,  0,  0,  0,  0,  0,  0,  0,  0,  0,  0,  0
  0,  0,  0,  0,  0,  0,  0,  0,  0,  0,  0,  0,  0,  0,  0,  0,  0,  0,  0,  0,  0,  0,  0,  0,  0,  0,  0,  0,  0,  0,  0,  0,  0,  0,  0,  0,  0,  0,  0,  0,  0,  0, 37,  0, 52,  0,  0, 39,  0,  0,  0,  0,  0,  0,  0,  0,  0,  0,  0,  0,  0,  0,  0,  0,  0,  0,  0,  0, 75, 59, 44, 40, 69,  0,  0,  0,  0,  0,  0,  0,  0,  0,  0,  0,  0,  0,  0,  0,  0,  0,  0,  0,  0,  0,  0,  0,  0,  0,  0,  0,  0,  0,  0,  0,  0,  0,  0,  0,  0,  0,  0,  0,  0,  0,  0,  0,  0,  0,  0,  0,  0,  0,  0,  0,  0,  0,  0,  0,  0,  0
  0,  0,  0,  0,  0,  0,  0,  0,  0,  0,  0,  0,  0,  0,  0,  0,  0,  0,  0,  0,  0,  0,  0,  0,  0,  0,  0,  0,  0,  0,  0,  0,  0,  0,  0,  0,  0,  0,  0,  0,  0,  0, 40,  0, 21,  0,  0,  0,  0,  0,  0,  0,  0,  0,  0,  0,  0,  0,  0,  0,  0,  0,  0,  0,  0,  0,  0,  0,  0, 55, 42, 27, 47,  0,  0,  0,  0,  0,  0,  0,  0,  0,  0,  0,  0,  0,  0,  0,  0,  0,  0,  0,  0,  0,  0,  0,  0,  0,  0,  0,  0,  0,  0,  0,  0,  0,  0,  0,  0,  0,  0,  0,  0,  0,  0,  0,  0,  0,  0,  0,  0,  0,  0,  0,  0,  0,  0,  0,  0,  0
  0,  0,  0,  0,  0,  0,  0,  0,  0,  0,  0,  0,  0,  0,  0,  0,  0,  0,  0,  0,  0,  0,  0,  0,  0,  0,  0,  0,  0,  0,  0,  0,  0,  0,  0,  0,  0,  0,  0,  0,  0,  0,  0,  0,  0,  0,  0,  0,  0,  0,  0,  0,  0,  0,  0,  0,  0,  0,  0,  0,  0,  0,  0,  0,  0,  0,  0,  0,  0, 63, 15,  0, 30,  0,  0,  0,  0,  0,  0,  0,  0,  0,  0,  0,  0,  0,  0,  0,  0,  0,  0,  0,  0,  0,  0,  0,  0,  0,  0,  0,  0,  0,  0,  0,  0,  0,  0,  0,  0,  0,  0,  0,  0,  0,  0,  0,  0,  0,  0,  0,  0,  0,  0,  0,  0,  0,  0,  0,  0,  0
  0,  0,  0,  0,  0,  0,  0,  0,  0,  0,  0,  0,  0,  0,  0,  0,  0,  0,  0,  0,  0,  0,  0,  0,  0,  0,  0,  0,  0,  0,  0,  0,  0,  0,  0,  0,  0,  0,  0,  0,  0,  0,  0,  0,  0,  0,  0,  0,  0,  0,  0,  0,  0,  0,  0,  0,  0,  0,  0,  0,  0,  0,  0,  0,  0,  0,  0,  0,  0,  0,  0,  0,  0,  0,  0,  0,  0,  0,  0,  0,  0,  0,  0,  0,  0,  0,  0,  0,  0,  0,  0,  0,  0,  0,  0,  0,  0,  0,  0,  0,  0,  0,  0,  0,  0,  0,  0,  0,  0,  0,  0,  0,  0,  0,  0,  0,  0,  0,  0,  0,  0,  0,  0,  0,  0,  0,  0,  0,  0,  0
  0,  0,  0,  0,  0,  0,  0,  0,  0,  0,  0,  0,  0,  0,  0,  0,  0,  0,  0,  0,  0,  0,  0,  0,  0,  0,  0,  0,  0,  0,  0,  0,  0,  0,  0,  0,  0,  0,  0,  0,  0,  0,  0,  0,  0,  0,  0,  0,  0,  0,  0,  0,  0,  0,  0,  0,  0,  0,  0,  0,  0,  0,  0,  0,  0,  0,  0,  0,  0,  0,  0,  0,  0,  0,  0,  0,  0,  0,  0,  0,  0,  0,  0,  0,  0,  0,  0,  0,  0,  0,  0,  0,  0,  0,  0,  0,  0,  0,  0,  0,  0,  0,  0,  0,  0,  0,  0,  0,  0,  0,  0,  0,  0,  0,  0,  0,  0,  0,  0,  0,  0,  0,  0,  0,  0,  0,  0,  0,  0,  0
  0,  0,  0,  0,  0,  0,  0,  0,  0,  0,  0,  0,  0,  0,  0,  0,  0,  0,  0,  0,  0,  0,  0,  0,  0,  0,  0,  0,  0,  0,  0,  0,  0,  0,  0,  0,  0,  0,  0,  0,  0,  0,  0,  0,  0,  0,  0,  0,  0,  0,  0,  0,  0,  0,  0,  0,  0,  0,  0,  0,  0,  0,  0,  0,  0,  0,  0,  0,  0,  0,  0,  0,  0,  0,  0,  0,  0,  0,  0,  0,  0,  0,  0,  0,  0,  0,  0,  0,  0,  0,  0,  0,  0,  0,  0,  0,  0,  0,  0,  0,  0,  0,  0,  0,  0,  0,  0,  0,  0,  0,  0,  0,  0,  0,  0,  0,  0,  0,  0,  0,  0,  0,  0,  0,  0,  0,  0,  0,  0,  0
