  0,  0,  0,  0,  0,  0,  0,  0,  0,  0,  0,  0,  0,  0,  0,  0,  0,  0,  0,  0,  0,  0,  0,  0,  0,  0,  0,  0,  0,  0,  0,  0,  0,  0,  0,  0,  0,  0,  0,  0,  0,  0,  0,  0,  0,  0,  0,  0,  0,  0,  0,  0,  0,  0,  0,  0,  0,  0,  0,  0,  0,  0,  0,  0,  0,  0,  0,  0,  0,  0,  0,  0,  0,  0,  0,  0,  0,  0,  0,  0,  0,  0,  0,  0,  0,  0,  0,  0,  0,  0,  0,  0,  0,  0,  0,  0,  0,  0,  0,  0,  0,  0,  0,  0,  0,  0,  0,  0,  0,  0,  0
  0,  0,  0,  0,  0,  0,  0,  0,  0,  0,  0,  0,  0,  0,  7, 29, 61, 49, 28,  0,  0, 16,  0,  0,  0,  0,  0,  0,  0,  0,  0,  0,  0,  0,  0,  0,  0, 14,  0,  0,  0,  0,  0,  0,  0,  6,123,  0, 96,  0,  0,  0, 28, 61, 21, 22,  0,  0,  0,  0,  0,  0,  0,  0,  0,  0,  0,  0,  0,  0,  0,  0,  0,  0,  0,  0,  0,  0,  0,  0,  0,  0,  0,  0,  0,  0,  0,  0,  0,  0,  0,  0,  0,  0,  0,  0,  0,  0,  0,  0,  0,  0,  0,  0,  0,  0,  0,  0,  0,  0,  0
  0,  0,  0,  0,  0,  0,  0,  0,  0,  0,  0,  0,  0, 14, 37, 60, 59, 34, 51, 42,  0, 52,  0,  0,  0,  0,  0,  0, 34, 21,  0,  0,  0, 14,  0,  0,  0, 23,  0,  0,  0,  0,  0,  0,  0, 22,138,  0,165,  0,  0,  0, 46, 56, 38, 22,  0,  0,  0,  0,  0,  0,  0,  0,  0,  0,  0,  0,  0,  0,  0,  0,  0,  0,  0,  0,  0,  0,  0,  0,  0,  0,  0,  0,  0,  0,  0,  0,  0,  0,  0,  0,  0,  0,  0,  0,  0,  0,  0,  0,  0,  0,  0,  0,  0,  0,  0,  0,  0,  0,  0
  0,  0,  0,  0,  0,  0,  0,  0,  0,  0,  0,  0,  0, 35, 80,105,  0, 48, 62, 66,  0, 56,  0,  0,  0,  0,  0,  0, 30,  0,  0,  0,  0, 32,  0,  0,  0, 26,  0,  0,  0,  0,  0,  0,156,169,138,207,217, 68,  0,  0, 48, 58, 42, 40, 29, 14,  0,  0,  0,  0,  0,  0,  0,  0,  0,  0,  0,  0,  0,  0,  0,  0,  0,  0,  0,  0,  0,  0,  0,  0,  0,  0,  0,  0,  0,  0,  0,  0,  0,  0,  0,  0,  0,  0,  0,  0,  0,  0,  0,  0,  0,  0,  0,  0,  0,  0,  0,  0,  0
  0,  0,  0,  0,  0,  0,  0,  0,  0,  0,  0,  0, 26, 54,112, 80,  0, 50, 45, 32,  0, 63,  0,  0,  0, 20, 14,  0, 35,  0,  0,  0,  0, 52,  0,  0,  0, 31,  0,  0,  0,  0,  0,  0,138,164,138,204,212, 87,  0,  0,145,120, 49, 24, 26,  0,  0,  0,  0,  0,  0,  0,  0,  0,  0,  0,  0,  0,  0,  0,  0,  0,  0,  0,  0,  0,  0,  0,  0,  0,  0,  0,  0,  0,  0,  0,  0,  0,  0,  0,  0,  0,  0,  0,  0,  0,  0,  0,  0,  0,  0,  0,  0,  0,  0,  0,  0,  0,  0
  0,  0,  0,  0,  0,  0,  0,  0,  0,  0,  0,  0, 42, 73,119, 52,  0, 45, 76, 57,  0, 77,  0,  0, 48, 54,  0,  0, 36,  0,  0,  0,  0,111,  0,  0,  0, 25,  0,  0,  0,  0,  0,  0,  0,180,135,190,206,  3,  0, 25,125, 75, 57, 40, 38, 38, 27,  0,  0,  0,  0,  0,  0,  0,  0,  0,  0,  0,  0,  0,  0,  0,  0,  0,  0,  0,  0,  0,  0,  0,  0,  0,  0,  0,  0,  0,  0,  0,  0,  0,  0,  0,  0,  0,  0,  0,  0,  0,  0,  0,  0,  0,  0,  0,  0,  0,  0,  0,  0
  0,  0,  0,  0,  0,  0,  0,  0,  0,  0,  0,  0, 51, 71,128,  0, 28, 76, 50, 59, 60, 56,  0, 67, 70,  0,  0,  0, 34,  0,  0,  0,  0,125,  0,  0,  0, 25,  0,  0,  0,  0,  0,  0,  0,200,129,202,221,  3, 23, 40, 78, 65, 51, 35, 55, 14,  1,  0,  0,  0,  0,  0,  0,  0,  0,  0,  0,  0,  0,  0,  0,  0,  0,  0,  0,  0,  0,  0,  0,  0,  0,  0,  0,  0,  0,  0,  0,  0,  0,  0,  0,  0,  0,  0,  0,  0,  0,  0,  0,  0,  0,  0,  0,  0,  0,  0,  0,  0,  0
  0,  0,  0,  0,  0,  0,  0,  0,  0,  0,  0, 36, 50,124,113, 34, 59, 57, 36, 65, 60, 54, 66, 64,  0,  0,  0,  0, 36,  0,  0,  0,  0,122,  0,  0,  0, 25,  0,  0,  0,  0,  0,  0,  0,173, 92,176,212, 65, 48, 52, 69, 68, 72, 42, 51, 20, 13,  0,  0,  0,  0,  0,  0,  0,  0,  0,  0,  0,  0,  0,  0,  0,  0,  0,  0,  0,  0,  0,  0,  0,  0,  0,  0,  0,  0,  0,  0,  0,  0,  0,  0,  0,  0,  0,  0,  0,  0,  0,  0,  0,  0,  0,  0,  0,  0,  0,  0,  0,  0
  0,  0,  0,  0,  0,  0,  0,  0,  0,  0, 48, 59,112,106, 75, 45, 73,  0, 57, 64, 62, 56, 78,  0,  0,  0,  0,  0, 41,  0,  0,  0,  0,115,  0,  0,  0, 31,  0,  0,  0,  0,  0,  0,  0,183,  0,174,204,211, 49, 49, 71, 70, 62, 76,  0,  0,  0,  0,  0,  0,  0,  0,  0,  0,  0,  0,  0,  0,  0,  0,  0,  0,  0,  0,  0,  0,  0,  0,  0,  0,  0,  0,  0,  0,  0,  0,  0,  0,  0,  0,  0,  0,  0,  0,  0,  0,  0,  0,  0,  0,  0,  0,  0,  0,  0,  0,  0,  0,  0
  0,  0,  0,  0,  0,  0,  0,  0,  0, 38, 39,100, 99, 75,  0, 59, 43, 46, 70,  0, 65, 63,  0,  0,  0,  0,  0,  0, 42,  0,  0,  0,  0,113,  0,  0,  0, 33, 56,  0,  0,  0,  0,  0,  0,192,216, 68,219, 63, 68,  0, 66, 63, 40,  7,  0,  0,  0,  0,  0,  0,  0,  0,  0,  0,  0,  0,  0,  0,  0,  0,  0,  0,  0,  0,  0,  0,  0,  0,  0,  0,  0,  0,  0,  0,  0,  0,  0,  0,  0,  0,  0,  0,  0,  0,  0,  0,  0,  0,  0,  0,  0,  0,  0,  0,  0,  0,  0,  0,  0
  0,  0,  0,  0,  0,  0,  0,  0, 45, 44,114,104, 65,  0,  0, 43, 64, 55, 44,  0, 63, 77,  0,  0,  0,  0,  0,  0, 57,  0,  0,  0,  0,112,  0,  0,  0, 39,  0,  0,  0,  0,  0,  0,  0,176,234, 64,192,  3, 50,  0, 66, 77, 45,  0,  0,  0,  0,  0,  0,  0,  0,  0,  0,  0,  0,  0,  0,  0,  0,  0,  0,  0,  0,  0,  0,  0,  0,  0,  0,  0,  0,  0,  0,  0,  0,  0,  0,  0,  0,  0,  0,  0,  0,  0,  0,  0,  0,  0,  0,  0,  0,  0,  0,  0,  0,  0,  0,  0,  0
  0,  0,  0,  0,  0,  0,  0, 22, 46, 43, 81, 56, 40, 40, 30, 61, 54, 56, 50, 35, 62, 66,  0,  0,  0,  0,  0,  0, 49,  0,  0,  0,  0, 85,  0,  0,  0, 43,  0,  0,  0,  0,  0, 72, 67,176,192, 58,219,  3, 32,  0, 73, 59, 81,  0,  0,  0,  0,  0,  0,  0,  0,  0,  0,  0,  0,  0,  0,  0,  0,  0,  0,  0,  0,  0,  0,  0,  0,  0,  0,  0,  0,  0,  0,  0,  0,  0,  0,  0,  0,  0,  0,  0,  0,  0,  0,  0,  0,  0,  0,  0,  0,  0,  0,  0,  0,  0,  0,  0,  0
  0,  0,  0,  0,  0,  0,  0, 42, 28,122, 78, 38, 44, 42, 37, 74, 52, 58,  0, 69, 76, 62, 63,  0,  0,  0,  0,  0, 51,  0,  0,  0,  0, 52,  0,  0,  0, 61, 63, 73, 65, 62, 65,  0,  0,192,214,  0,203, 45, 51,  0, 73, 46, 48,  0,  0,  0,  0,  0,  0,  0,  0,  0,  0,  0,  0,  0,  0,  0,  0,  0,  0,  0,  0,  0,  0,  0,  0,  0,  0,  0,  0,  0,  0,  0,  0,  0,  0,  0,  0,  0,  0,  0,  0,  0,  0,  0,  0,  0,  0,  0,  0,  0,  0,  0,  0,  0,  0,  0,  0
  0,  0,  0,  0,  0,  0,  0, 45,112,127, 79, 41, 55, 48, 58, 47,  0, 91, 84, 83,  0,  0, 46,  0,  0,  0,  0,  0, 85,  0,  0,  0,  0, 64, 69, 64, 70, 61, 72,  0,  0,  0,  0,  0,  0,208,259,  0,212, 47,  0,  0, 61, 70, 48,  0,  0,  0,  0,  0,  0,  0,  0,  0,  0,  0,  0,  0,  0,  0,  0,  0,  0,  0,  0,  0,  0,  0,  0,  0,  0,  0,  0,  0,  0,  0,  0,  0,  0,  0,  0,  0,  0,  0,  0,  0,  0,  0,  0,  0,  0,  0,  0,  0,  0,  0,  0,  0,  0,  0,  0
  0,  0,  0,  0,  0,  0,  0, 43,121, 56, 60, 51, 58, 60,  0, 37, 45, 78, 38,  0,  0,  0, 51, 37,  0,  0,  0,  0, 60, 62, 76, 60, 72, 60,  0,  0,  0, 59,  0,  0,  0,  0,  0,  0,  0,189,255, 37,209,  0,  0,  0, 58, 66, 44,  0,  0,  0,  0,  0,  0,  0,  0,  0,  0,  0,  0,  0,  0,  0,  0,  0,  0,  0,  0,  0,  0,  0,  0,  0,  0,  0,  0,  0,  0,  0,  0,  0,  0,  0,  0,  0,  0,  0,  0,  0,  0,  0,  0,  0,  0,  0,  0,  0,  0,  0,  0,  0,  0,  0,  0
  0,  0,  0,  0,  0,  0,  0, 56, 79, 88, 61, 51, 94,  0,  0,131,156, 37,  0,  0,  0,  0,  0, 58, 60, 64, 58, 70, 83, 64,  0,  0,  0, 48, 69,  0,  0, 60,  0,  0,  0,  0,  0,  0,  0,201,253, 38,196,  0,  0,  0, 61, 66,  0,  0,  0,  0,  0,  0,  0,  0,  0,  0,  0,  0,  0,  0,  0,  0,  0,  0,  0,  0,  0,  0,  0,  0,  0,  0,  0,  0,  0,  0,  0,  0,  0,  0,  0,  0,  0,  0,  0,  0,  0,  0,  0,  0,  0,  0,  0,  0,  0,  0,  0,  0,  0,  0,  0,  0,  0
  0,  0,  0,  0,  0,  0,  0, 64, 45, 55, 54,100,105,  0, 76,126, 45,  0,  0,  0, 48, 70, 57, 69, 60,  0,  0,  0, 48,  0,  0,  0,  0, 54,  0,  0,  0, 48,  0,  0,  0,  0,  0,  0, 38,183,246,  0,197,  0,  0,  0, 68,121,  0,  0,  0,  0,  0,  0,  0,  0,  0,  0,  0,  0,  0,  0,  0,  0,  0,  0,  0,  0,  0,  0,  0,  0,  0,  0,  0,  0,  0,  0,  0,  0,  0,  0,  0,  0,  0,  0,  0,  0,  0,  0,  0,  0,  0,  0,  0,  0,  0,  0,  0,  0,  0,  0,  0,  0,  0
  0,  0,  0,  0,  0,  0,  0,  0,  0,  0, 97, 97,  0,224,150, 56, 52, 65, 55, 64, 62,  0,  0, 54,  0,  0,  0,  0, 37,  0,  0,  0,  0, 77,  0,  0,  0, 67,  0,  0,  0,  0,  0, 41, 42,187,257,  0,200,  0,  0,  0, 55,125,  0,  0,  0,  0,  0,  0,  0,  0,  0,  0,  0,  0,  0,  0,  0,  0,  0,  0,  0,  0,  0,  0,  0,  0,  0,  0,  0,  0,  0,  0,  0,  0,  0,  0,  0,  0,  0,  0,  0,  0,  0,  0,  0,  0,  0,  0,  0,  0,  0,  0,  0,  0,  0,  0,  0,  0,  0
  0,  0,  0,  0,  0,  0,  0,  0,  0,  0,104,  0,269, 62, 61, 72, 60, 58,  0,  0,  0,  0,  0, 54,  0,  0,  0,  0, 43,  0,  0,  0,  0, 68,  0,  0,  0, 43,  0,  0,  0, 40, 43, 42,  0,170,251,  0,195,  0,  0, 53, 50,135,  0,  0,  0,  0,  0,  0,  0,  0,  0,  0,  0,  0,  0,  0,  0,  0,  0,  0,  0,  0,  0,  0,  0,  0,  0,  0,  0,  0,  0,  0,  0,  0,  0,  0,  0,  0,  0,  0,  0,  0,  0,  0,  0,  0,  0,  0,  0,  0,  0,  0,  0,  0,  0,  0,  0,  0,  0
  0,  0,  0,  0,  0,  0,  0,  0, 54, 65, 48, 99, 95, 43, 42, 59,  0,  0,  0,  0,  0,  0,  0, 59,  0,  0,  0,  0, 45,  0,  0,  0, 64, 65,  0,  0,  0, 23,  0,  0, 38, 53,  0,  0,  0,196,242,  0,206,  0,  0, 49, 65,130,  0,  0,  0,  0,  0,  0,  0,  0,  0,  0,  0,  0,  0,  0,  0,  0,  0,  0,  0,  0,  0,  0,  0,  0,  0,  0,  0,  0,  0,  0,  0,  0,  0,  0,  0,  0,  0,  0,  0,  0,  0,  0,  0,  0,  0,  0,  0,  0,  0,  0,  0,  0,  0,  0,  0,  0,  0
  0,  0,  0,  0,  0,  0,  0,  0,  0,  0, 55,111,  0, 41,  0, 55,  0,  0,  0,  0,  0,  0,  0, 54,  0,  0,  0,  0, 46,  0,  0,  0, 67, 65,  0,  0,  0, 24,  0, 40, 48,  0,  0,  0,  0,208,212,  0,185,  0,  0, 84, 54,126,  0,  0,  0,  0,  0,  0,  0,  0,  0,  0,  0,  0,  0,  0,  0,  0,  0,  0,  0,  0,  0,  0,  0,  0,  0,  0,  0,  0,  0,  0,  0,  0,  0,  0,  0,  0,  0,  0,  0,  0,  0,  0,  0,  0,  0,  0,  0,  0,  0,  0,  0,  0,  0,  0,  0,  0,  0
  0,  0,  0,  0,  0,  0,  0,  0,  0,  0,  0,  0, 45, 35,  0, 51,  0,  0,  0,  0,  0,  0,  0, 43,  0,  0,  0,  0, 58,  0,  0,  0, 69, 37,  0,  0, 80, 84, 56, 38,  0,  0,  0,  0,  0,194,189,  0,204,  0,  0, 54, 49,124,  0,  0,  0,  0,  0,  0,  0,  0,  0,  0,  0,  0,  0,  0,  0,  0,  0,  0,  0,  0,  0,  0,  0,  0,  0,  0,  0,  0,  0,  0,  0,  0,  0,  0,  0,  0,  0,  0,  0,  0,  0,  0,  0,  0,  0,  0,  0,  0,  0,  0,  0,  0,  0,  0,  0,  0,  0
  0,  0,  0,  0,  0,  0,  0,  0,  0,  0,  0,  0, 29,101, 45, 45,  0,  0,  0,  0,  0,  0,  0,  0, 39,  0,  0, 29, 49,  0,  0,  0, 72, 59,  0, 30, 60, 37,  0,  0,  0,  0,  0,  0,  0,200,254,  0,203, 60,149, 55, 54,140,  0,  0,  0,  0,  0,  0,  0,  0,  0,  0,  0,  0,  0,  0,  0,  0,  0,  0,  0,  0,  0,  0,  0,  0,  0,  0,  0,  0,  0,  0,  0,  0,  0,  0,  0,  0,  0,  0,  0,  0,  0,  0,  0,  0,  0,  0,  0,  0,  0,  0,  0,  0,  0,  0,  0,  0,  0
  0,  0,  0,  0,  0,  0,  0,  0,  0,  0,  0,  0,  0,119,146,  0,  0,  0,  0,  0,  0,  0,  0,  0, 48,  0,  0, 44, 53,  0,  0,  0, 62,  0, 37, 57,  0, 37,  0,  0,  0,  0,  0,  0,  0,171,246,  0,253, 63,151, 76, 46,130,  0,  0,  0,  0,  0,  0,  0,  0,  0,  0,  0,  0,  0,  0,  0,  0,  0,  0,  0,  0,  0,  0,  0,  0,  0,  0,  0,  0,  0,  0,  0,  0,  0,  0,  0,  0,  0,  0,  0,  0,  0,  0,  0,  0,  0,  0,  0,  0,  0,  0,  0,  0,  0,  0,  0,  0,  0
  0,  0,  0,  0,  0,  0,  0,  0,  0,  0,  0,  0,  0,  0, 76, 52,  0,  0,  0,  0,  0,  0,  0,  0, 50,  0,  0, 52, 61,  0,  0,  0, 72, 22, 45,  0,  0, 56,  0,  0,  0,  0,  0,  0,  0,167,235, 70,226, 84,104, 49, 60,126,  0,  0,  0,  0,  0,  0,  0,  0,  0,  0,  0,  0,  0,  0,  0,  0,  0,  0,  0,  0,  0,  0,  0,  0,  0,  0,  0,  0,  0,  0,  0,  0,  0,  0,  0,  0,  0,  0,  0,  0,  0,  0,  0,  0,  0,  0,  0,  0,  0,  0,  0,  0,  0,  0,  0,  0,  0
  0,  0,  0,  0,  0,  0,  0,  0,  0,  0,  0,  0,  0,  0, 70,133,  0,  0,  0,  0,  0,  0,  0,  0, 47,  0,  0, 63, 54,  0,  0,  0, 68, 42,  0,  0,  0, 58, 52,  0,  0,  0,  0,  0,  0,180,217, 81,215,  0, 64, 61, 49,124,  0,  0,  0,  0,  0,  0,  0,  0,  0,  0,  0,  0,  0,  0,  0,  0,  0,  0,  0,  0,  0,  0,  0,  0,  0,  0,  0,  0,  0,  0,  0,  0,  0,  0,  0,  0,  0,  0,  0,  0,  0,  0,  0,  0,  0,  0,  0,  0,  0,  0,  0,  0,  0,  0,  0,  0,  0
  0,  0,  0,  0,  0,  0,  0,  0,  0,  0,  0,  0,  0, 47, 66,  0,  0,  0,  0,  0,  0,  0,  0,  0, 44,  0,  0, 60, 46,  0,  0,  0, 82, 29,  0,  0,  0, 30, 42,  0,  0,  0,  0, 69, 76, 76,212,195,216,  0,  0, 53, 55,121,  0,  0,  0,  0,  0,  0,  0,  0,  0,  0,  0,  0,  0,  0,  0,  0,  0,  0,  0,  0,  0,  0,  0,  0,  0,  0,  0,  0,  0,  0,  0,  0,  0,  0,  0,  0,  0,  0,  0,  0,  0,  0,  0,  0,  0,  0,  0,  0,  0,  0,  0,  0,  0,  0,  0,  0,  0
  0,  0,  0,  0,  0,  0,  0,  0,  0,  0,  0,  0,  0, 46, 66,  0,  0,  0,  0,  0,  0,  0,  0,  0, 48,  0,  0, 60, 77,  0,  0,  0, 67,  0,  0,  0, 26, 47, 43,  0,  0,120, 70, 75,  0,  0,181,200,  0, 17, 21, 51, 48,131,  0,  0,  0,  0,  0,  0,  0,  0,  0,  0,  0,  0,  0,  0,  0,  0,  0,  0,  0,  0,  0,  0,  0,  0,  0,  0,  0,  0,  0,  0,  0,  0,  0,  0,  0,  0,  0,  0,  0,  0,  0,  0,  0,  0,  0,  0,  0,  0,  0,  0,  0,  0,  0,  0,  0,  0,  0
  0,  0,  0,  0,  0,  0,  0,  0,  0,  0,  0,  0,  0, 57, 56,  0,  0,  0,  0,  0,  0,  0,  0,  0, 48,  0,  0, 50, 68,  0,  0, 45, 62,  0,  0, 54, 52, 58, 59, 69, 70, 76,  0,  0,  0,  0,187,192,  0,  0,  0, 53, 53,128,  0,  0,  0,  0,  0,  0,  0,  0,  0,  0,  0,  0,  0,  0,  0,  0,  0,  0,  0,  0,  0,  0,  0,  0,  0,  0,  0,  0,  0,  0,  0,  0,  0,  0,  0,  0,  0,  0,  0,  0,  0,  0,  0,  0,  0,  0,  0,  0,  0,  0,  0,  0,  0,  0,  0,  0,  0
  0,  0,  0,  0,  0,  0,  0,  0,  0,  0,  0,  0, 74, 83, 67,  0,  0,  0,  0,  0,  0,  0,  0,  0, 71,  0,  0, 67,  0, 53, 57, 58, 72, 54, 62, 54, 31,  0, 38,  0,  0, 79,  0,  0,  0,202,197,204,  0,  0,  0,103, 74,128,  0,  0,  0,  0,  0,  0,  0,  0,  0,  0,  0,  0,  0,  0,  0,  0,  0,  0,  0,  0,  0,  0,  0,  0,  0,  0,  0,  0,  0,  0,  0,  0,  0,  0,  0,  0,  0,  0,  0,  0,  0,  0,  0,  0,  0,  0,  0,  0,  0,  0,  0,  0,  0,  0,  0,  0,  0
  0,  0,  0,  0,  0,  0,  0,  0,  0,  0,  0,  0, 67, 68, 80, 48,  0,  0,  0,  0,  0,  0,  0, 52, 62, 60, 57, 69, 54, 50, 35, 54, 51,  0,  0,  0, 32,  0, 43,  0,  0, 80,  0,  0,  0,189,200,189,170,  0,  0,115, 79,141,  0,  0,  0,  0,  0,  0,  0,  0,  0,  0,  0,  0,  0,  0,  0,  0,  0,  0,  0,  0,  0,  0,  0,  0,  0,  0,  0,  0,  0,  0,  0,  0,  0,  0,  0,  0,  0,  0,  0,  0,  0,  0,  0,  0,  0,  0,  0,  0,  0,  0,  0,  0,  0,  0,  0,  0,  0
  0,  0,  0,  0,  0,  0,  0,  0,  0,  0,  0,  0, 18, 85, 70,133,  0,  0, 55, 62, 55, 52, 55, 52,  0, 48,  0, 58,  0,  0, 54, 64, 23,  0,  0,  0, 30,  0, 48,  0,  0, 88,  0,  0,  0,189,233,204,184,  0,  0, 82,108,127,  0,  0,  0,  0,  0,  0,  0,  0,  0,  0,  0,  0,  0,  0,  0,  0,  0,  0,  0,  0,  0,  0,  0,  0,  0,  0,  0,  0,  0,  0,  0,  0,  0,  0,  0,  0,  0,  0,  0,  0,  0,  0,  0,  0,  0,  0,  0,  0,  0,  0,  0,  0,  0,  0,  0,  0,  0
  0,  0,  0,  0,  0,  0,  0,  0,  0,  0,  0,  0, 61, 51, 55, 54, 55, 54, 53,  0,  0,  0,  0,  0,  0, 68,  0, 67,  0, 40, 62, 50, 34,  0,  0,  0, 27,  0, 51,  0,  0, 82,  0,  0,  0,204,255,193,203, 60,208, 61,134,123,116,  0,  0,  0,  0,  0,  0,  0,  0,  0,  0,  0,  0,  0,  0,  0,  0,  0,  0,  0,  0,  0,  0,  0,  0,  0,  0,  0,  0,  0,  0,  0,  0,  0,  0,  0,  0,  0,  0,  0,  0,  0,  0,  0,  0,  0,  0,  0,  0,  0,  0,  0,  0,  0,  0,  0,  0
  0,  0,  0,  0,  0,  0,  0,  0,  0,  0,  0,  0,107, 88, 44, 41,  0,  0,  0,  0,  0,  0,  0,  0,  0, 67,  0, 57,  0, 55, 64,  0, 45,  0,  0,  0, 32,  0, 64, 56, 56, 94, 56, 55, 54,184,254,208,229, 39,185, 53,128, 65,115, 38, 37, 33,  0,  0,  0,  0,  0,  0,  0,  0,  0,  0,  0,  0,  0,  0,  0,  0,  0,  0,  0,  0,  0,  0,  0,  0,  0,  0,  0,  0,  0,  0,  0,  0,  0,  0,  0,  0,  0,  0,  0,  0,  0,  0,  0,  0,  0,  0,  0,  0,  0,  0,  0,  0,  0
  0,  0,  0,  0,  0,  0,  0,  0,  0,  0,  0,  0, 26, 30, 38, 68, 45, 43,  0,  0,  0,  0,  0,  0,  0, 74,  0, 56,  0, 51, 60,  0, 45, 54, 63, 56, 58, 50, 60, 55,  0, 88,  0,  0,  0,198,282,206,234,  0,155, 43,145,120, 70,  0, 21, 28, 21,  0,  0,  0,  0,  0,  0,  0,  0,  0,  0,  0,  0,  0,  0,  0,  0,  0,  0,  0,  0,  0,  0,  0,  0,  0,  0,  0,  0,  0,  0,  0,  0,  0,  0,  0,  0,  0,  0,  0,  0,  0,  0,  0,  0,  0,  0,  0,  0,  0,  0,  0,  0
  0,  0,  0,  0,  0,  0,  0,  0,  0,  0,  0,  0, 46, 26,  0, 59, 74, 44, 53, 40,  0,  0,  0,  0,  0, 48, 55, 52, 39, 52, 51, 40, 57, 52,  0,  0, 32,  0,  0, 49,  0, 85,  0,  0,  0,212,313,195,221,  0,  0, 91, 52,138, 79,  0,  0, 28, 28, 23,  0,  0,  0,  0,  0,  0,  0,  0,  0,  0,  0,  0,  0,  0,  0,  0,  0,  0,  0,  0,  0,  0,  0,  0,  0,  0,  0,  0,  0,  0,  0,  0,  0,  0,  0,  0,  0,  0,  0,  0,  0,  0,  0,  0,  0,  0,  0,  0,  0,  0,  0
  0,  0,  0,  0,  0,  0,  0,  0,  0,  0,  0, 29, 44, 57, 48, 64, 61, 57,  0, 42, 41, 39, 35, 25, 40, 35, 51, 46, 19, 53,  0,  0, 39,  0,  0,  0, 35, 30,  0, 51,  0, 85,  0,  0,  0,190,303,201,218,  0,  0, 54, 62,116, 81,  0,  0,  0,  0,  0,  0,  0,  0,  0,  0,  0,  0,  0,  0,  0,  0,  0,  0,  0,  0,  0,  0,  0,  0,  0,  0,  0,  0,  0,  0,  0,  0,  0,  0,  0,  0,  0,  0,  0,  0,  0,  0,  0,  0,  0,  0,  0,  0,  0,  0,  0,  0,  0,  0,  0,  0
  0,  0,  0,  0,  0,  0,  0,  0,  0,  0,  0,  0, 39, 68, 45, 62,  0, 64, 38, 42, 29, 40, 41, 46,  0, 37, 65, 25, 47, 66,  0,  0, 47,  0,  0,  0,  0, 33,  0, 48,  0,110, 89,  0,  0,218,287,  0,190,  0,  0, 62, 69, 76, 82,  0,  0,  0,  0,  0,  0,  0,  0,  0,  0,  0,  0,  0,  0,  0,  0,  0,  0,  0,  0,  0,  0,  0,  0,  0,  0,  0,  0,  0,  0,  0,  0,  0,  0,  0,  0,  0,  0,  0,  0,  0,  0,  0,  0,  0,  0,  0,  0,  0,  0,  0,  0,  0,  0,  0,  0
  0,  0,  0,  0,  0,  0,  0,  0,  0,  0,  0,  0,  0,  0,  0, 40, 51, 39,  0, 28, 42, 24, 30, 41, 50, 42, 56, 48, 53, 55,  0,  0, 47,  0,  0,  0,  0, 33,  0, 67,  0,  0, 98,  0,  0,190,267,  0,165,  0,  0, 54,104, 67,100,  0,  0,  0,  0,  0,  0,  0,  0,  0,  0,  0,  0,  0,  0,  0,  0,  0,  0,  0,  0,  0,  0,  0,  0,  0,  0,  0,  0,  0,  0,  0,  0,  0,  0,  0,  0,  0,  0,  0,  0,  0,  0,  0,  0,  0,  0,  0,  0,  0,  0,  0,  0,  0,  0,  0,  0
  0,  0,  0,  0,  0,  0,  0,  0,  0,  0,  0,  0,  0,  0,  0,  0,  0, 43, 46, 41,  0,  0,  0,  0,  0, 55, 65, 63, 70,  0,  0,  0, 31, 77,  0,  0, 44, 71,  0, 50,  0,  0,104,  0,  0,212,243,  0,129,  0,  0, 56,111, 67,132,  0,  0,  0,  0,  0,  0,  0,  0,  0,  0,  0,  0,  0,  0,  0,  0,  0,  0,  0,  0,  0,  0,  0,  0,  0,  0,  0,  0,  0,  0,  0,  0,  0,  0,  0,  0,  0,  0,  0,  0,  0,  0,  0,  0,  0,  0,  0,  0,  0,  0,  0,  0,  0,  0,  0,  0
  0,  0,  0,  0,  0,  0,  0,  0,  0,  0,  0,  0,  0,  0,  0,  0,  0,  0, 55, 60, 44, 48, 42,  0,  0, 36, 54, 56, 70, 64, 53,  0, 45,  0,  0, 55, 42,  0,  0, 47,  0,  0,103,197,  0,190,216,  0,124,  0,  0, 66,106, 53,133,  0,  0,  0,  0,  0,  0,  0,  0,  0,  0,  0,  0,  0,  0,  0,  0,  0,  0,  0,  0,  0,  0,  0,  0,  0,  0,  0,  0,  0,  0,  0,  0,  0,  0,  0,  0,  0,  0,  0,  0,  0,  0,  0,  0,  0,  0,  0,  0,  0,  0,  0,  0,  0,  0,  0,  0
  0,  0,  0,  0,  0,  0,  0,  0,  0,  0,  0,  0,  0,  0,  0,  0,  0,  0,  0, 78, 46,  0, 42, 47, 44, 37, 60, 54, 64, 59, 64, 42, 39, 48, 60, 48,  0,  0,  0, 73,  0,  0,113,216,  0,219,191,  0,128,  0,  0, 66, 83, 59,130,  0,  0,  0,  0,  0,  0,  0,  0,  0,  0,  0,  0,  0,  0,  0,  0,  0,  0,  0,  0,  0,  0,  0,  0,  0,  0,  0,  0,  0,  0,  0,  0,  0,  0,  0,  0,  0,  0,  0,  0,  0,  0,  0,  0,  0,  0,  0,  0,  0,  0,  0,  0,  0,  0,  0,  0
  0,  0,  0,  0,  0,  0,  0,  0,  0,  0,  0,  0,  0,  0,  0,  0,  0,  0,  0,  0, 58, 53,  0,  0, 41, 61, 57, 56, 56,  0, 45, 57, 62, 53, 42, 59, 70,  0,  0, 51,  0,  0, 88,197,  0,205,176,  0,106,  0, 91, 87,103, 48,125,  0,  0,  0,  0,  0,  0,  0,  0,  0,  0,  0,  0,  0,  0,  0,  0,  0,  0,  0,  0,  0,  0,  0,  0,  0,  0,  0,  0,  0,  0,  0,  0,  0,  0,  0,  0,  0,  0,  0,  0,  0,  0,  0,  0,  0,  0,  0,  0,  0,  0,  0,  0,  0,  0,  0,  0
  0,  0,  0,  0,  0,  0,  0,  0,  0,  0,  0,  0,  0,  0,  0,  0,  0,  0,  0,  0,  0, 74, 39,  0,  0, 54, 53, 64, 67,  0,  0,  0, 54, 54, 56,  0, 59, 69, 57, 49,  0,  0,209,  0,  0,211,166,132, 53,  0, 80, 99,111,124,105,  0,  0,  0,  0,  0,  0,  0,  0,  0,  0,  0,  0,  0,  0,  0,  0,  0,  0,  0,  0,  0,  0,  0,  0,  0,  0,  0,  0,  0,  0,  0,  0,  0,  0,  0,  0,  0,  0,  0,  0,  0,  0,  0,  0,  0,  0,  0,  0,  0,  0,  0,  0,  0,  0,  0,  0
  0,  0,  0,  0,  0,  0, 59, 53, 96,  0,  0,  0,  0,  0,  0,  0,  0,  0,  0,  0,  0,  0, 65,  0,  0, 63, 67, 72, 52, 53,  0,  0, 46,  0, 54, 52,  0,  0, 58, 63, 63, 64,196,  0,  0,191,171,176,  0,  0,  0,106, 80, 88, 90,  0,  0,  0,  0,  0,  0,  0,  0,  0,  0,  0,  0,  0,  0,  0,  0,  0,  0,  0,  0,  0,  0,  0,  0,  0,  0,  0,  0,  0,  0,  0,  0,  0,  0,  0,  0,  0,  0,  0,  0,  0,  0,  0,  0,  0,  0,  0,  0,  0,  0,  0,  0,  0,  0,  0,  0
  0,  0,  0,  0,  0, 98,  0, 96, 94,  0,  0,  0,  0,  0,  0,  0,  0,  0,  0,  0,  0,  0, 76, 67,  0, 59, 70, 63,  0, 54, 53, 23, 50,  0,  0,  0, 64, 58, 40, 60,  0,  0,217, 50, 63,221,172,176,  0,  0, 35,136,130, 69, 85,  0,  0,  0,  0,  0,  0,  0,  0,  0,  0,  0,  0,  0,  0,  0,  0,  0,  0,  0,  0,  0,  0,  0,  0,  0,  0,  0,  0,  0,  0,  0,  0,  0,  0,  0,  0,  0,  0,  0,  0,  0,  0,  0,  0,  0,  0,  0,  0,  0,  0,  0,  0,  0,  0,  0,  0
  0,  0,  0,  0,  0, 87,  0, 89, 90,  0, 75,  0,  0,  0,  0,  0,  0,  0,  0,  0,  0,  0,  0, 75, 49, 66, 29, 12,  0,  0,  0, 52, 56,  0,  0,  0,  0, 61, 54,  0,  0,  0,189,213,  0,186,189,186, 51, 55, 53, 39,102, 84, 18,  0,  0,  0,  0,  0,  0,  0,  0,  0,  0,  0,  0,  0,  0,  0,  0,  0,  0,  0,  0,  0,  0,  0,  0,  0,  0,  0,  0,  0,  0,  0,  0,  0,  0,  0,  0,  0,  0,  0,  0,  0,  0,  0,  0,  0,  0,  0,  0,  0,  0,  0,  0,  0,  0,  0,  0
  0,  0,  0,  0,  0, 84,  0, 56, 75,124, 68, 62,  0,  0,  0,  0,  0,  0,  0,  0,  0,  0,  0, 62, 77, 54, 32,  0,  0,  0, 28, 65, 46, 51, 53,  0,  0,  0, 54, 51, 55,  0, 90,211,  0,  0,214,208,  0,  0,  0,  0,  0, 32,  0,  0,  0,  0,  0,  0,  0,  0,  0,  0,  0,  0,  0,  0,  0,  0,  0,  0,  0,  0,  0,  0,  0,  0,  0,  0,  0,  0,  0,  0,  0,  0,  0,  0,  0,  0,  0,  0,  0,  0,  0,  0,  0,  0,  0,  0,  0,  0,  0,  0,  0,  0,  0,  0,  0,  0,  0
  0,  0,  0,  0,  0, 87,  0, 63, 70, 79, 90, 45, 62, 31, 35,  0,  0,  0,  0,  0,  0,  0,  0,  0, 64, 67, 13,  0,  0,  0, 51, 26,  0,  0, 50, 61,  0,  0, 56,  0, 66, 93,116,208,  0,  0,199,221,  0,  0,  0,  0,  0,  0,  0,  0,  0,  0,  0,  0,  0,  0,  0,  0,  0,  0,  0,  0,  0,  0,  0,  0,  0,  0,  0,  0,  0,  0,  0,  0,  0,  0,  0,  0,  0,  0,  0,  0,  0,  0,  0,  0,  0,  0,  0,  0,  0,  0,  0,  0,  0,  0,  0,  0,  0,  0,  0,  0,  0,  0,  0
  0,  0,  0,  0,  0, 71, 84, 68, 83, 79,112, 95, 69, 24, 34, 46,  0,  0,  0,  0,  0,  0,  0,  0, 77, 62, 51,  0,  0,  0, 40, 55,  0,  0,  0, 47, 57, 45, 53,  0,  0, 96, 56,203,  0,  0,230,213,  0,  0,  0,  0,  0,  0,  0,  0,  0,  0,  0,  0,  0,  0,  0,  0,  0,  0,  0,  0,  0,  0,  0,  0,  0,  0,  0,  0,  0,  0,  0,  0,  0,  0,  0,  0,  0,  0,  0,  0,  0,  0,  0,  0,  0,  0,  0,  0,  0,  0,  0,  0,  0,  0,  0,  0,  0,  0,  0,  0,  0,  0,  0
  0,  0,  0,  0,  0, 77,102, 59, 58, 82, 54,100, 65, 52,  0, 41, 38,106,133,  0,  0,  0,  0, 72, 65, 51, 65,  0,  0, 43, 52, 43,  0,  0,  0,  0,  0, 56, 65,  0,  0, 81,  0,203,  0,  0,207,194,  0,  0,  0,  0,  0,  0,  0,  0,  0,  0,  0,  0,  0,  0,  0,  0,  0,  0,  0,  0,  0,  0,  0,  0,  0,  0,  0,  0,  0,  0,  0,  0,  0,  0,  0,  0,  0,  0,  0,  0,  0,  0,  0,  0,  0,  0,  0,  0,  0,  0,  0,  0,  0,  0,  0,  0,  0,  0,  0,  0,  0,  0,  0
  0,  0,  0,  0, 33, 54, 79, 54, 82, 88, 83, 86, 94, 47, 64, 80,  0,  0, 98, 59, 63, 56,  0, 70, 57, 35, 59,  0,  0, 38,  0, 44,  0,  0,  0,  0,  0,  0, 56, 57, 68, 94,  0,214,  0,  0,218,200,  0,  0,  0,  0,  0,  0,  0,  0,  0,  0,  0,  0,  0,  0,  0,  0,  0,  0,  0,  0,  0,  0,  0,  0,  0,  0,  0,  0,  0,  0,  0,  0,  0,  0,  0,  0,  0,  0,  0,  0,  0,  0,  0,  0,  0,  0,  0,  0,  0,  0,  0,  0,  0,  0,  0,  0,  0,  0,  0,  0,  0,  0,  0
  0,  0,  0,  0, 46, 56, 65, 52, 41, 95, 76, 83, 91, 98,  0, 54, 61,  0,  0,  0,  0, 41, 95, 79, 67, 32, 68,  0,  0, 51, 57, 51,  0,  0, 31, 33,  0,  0, 81,  0, 35, 90, 58,209,  0,  0,195,172,  0,  0,  0,  0,  0,  0,  0,  0,  0,  0,  0,  0,  0,  0,  0,  0,  0,  0,  0,  0,  0,  0,  0,  0,  0,  0,  0,  0,  0,  0,  0,  0,  0,  0,  0,  0,  0,  0,  0,  0,  0,  0,  0,  0,  0,  0,  0,  0,  0,  0,  0,  0,  0,  0,  0,  0,  0,  0,  0,  0,  0,  0,  0
  0,  0,  0,  0,  0, 65, 58, 80, 68, 59, 80, 97, 78, 82,104,  0, 41, 76, 56,  0,  0,  0, 62, 67, 65, 44,  0, 80, 36, 51, 57,  0,  0, 28, 32,  0, 32,  0, 53,  0,  0, 93, 35,204,  0,  0,212,179,  0,  0,  0,  0,  0,  0,  0,  0,  0,  0,  0,  0,  0,  0,  0,  0,  0,  0,  0,  0,  0,  0,  0,  0,  0,  0,  0,  0,  0,  0,  0,  0,  0,  0,  0,  0,  0,  0,  0,  0,  0,  0,  0,  0,  0,  0,  0,  0,  0,  0,  0,  0,  0,  0,  0,  0,  0,  0,  0,  0,  0,  0,  0
  0,  0,  0,  0,  2, 50, 59, 84, 70, 44, 77, 86, 67, 46,103,103,  0,  0, 67, 61,  0,  0, 71, 75, 79, 64, 73, 70, 49,  0, 59,  0,  0, 44,  0,  0,  0,  0, 64,  0,  0, 91,  0,198,191,  0,229,184,  0,  0,  0,  0,  0,  0,  0,  0,  0,  0,  0,  0,  0,  0,  0,  0,  0,  0,  0,  0,  0,  0,  0,  0,  0,  0,  0,  0,  0,  0,  0,  0,  0,  0,  0,  0,  0,  0,  0,  0,  0,  0,  0,  0,  0,  0,  0,  0,  0,  0,  0,  0,  0,  0,  0,  0,  0,  0,  0,  0,  0,  0,  0
  0,  0,  0,  0, 31, 31, 41, 69, 89, 58, 55, 70, 76, 56, 48, 97,  0,  0,  0,  0, 64, 76, 68, 45, 59,  0,  0, 65, 88,  0, 55,  0, 35, 30,  0,  0,  0,  0, 61,  0,  0, 81,  0,  0,202,  0,171,223,  0,  0,  0,  0,  0,  0,  0,  0,  0,  0,  0,  0,  0,  0,  0,  0,  0,  0,  0,  0,  0,  0,  0,  0,  0,  0,  0,  0,  0,  0,  0,  0,  0,  0,  0,  0,  0,  0,  0,  0,  0,  0,  0,  0,  0,  0,  0,  0,  0,  0,  0,  0,  0,  0,  0,  0,  0,  0,  0,  0,  0,  0,  0
  0,  0,  0,  0, 34, 94, 15, 61, 56, 63, 55, 53, 86, 88, 40, 75, 77,  0,  0,  0,  0, 59, 62, 74, 67, 70, 67, 67,107,144, 74, 37, 34,  0,  0,  0,  0,  0, 52,  0,  0,100, 72, 71,180, 60,165,197,142, 29,  0,  0,  0,  0,  0,  0,  0,  0,  0,  0,  0,  0,  0,  0,  0,  0,  0,  0,  0,  0,  0,  0,  0,  0,  0,  0,  0,  0,  0,  0,  0,  0,  0,  0,  0,  0,  0,  0,  0,  0,  0,  0,  0,  0,  0,  0,  0,  0,  0,  0,  0,  0,  0,  0,  0,  0,  0,  0,  0,  0,  0
  0,  0,  0,  0, 74,110, 99,  0, 43, 60, 76, 66, 53, 81, 76, 51, 60, 65,  0,  0,  0, 70, 66, 63, 54,  0,  0, 38,  0,170,122, 68, 68, 70, 67, 70, 68, 74, 82,100, 89, 92, 88,  0,195,  0,  0,225,126,  0,  0,  0,  0,  0,  0,  0,  0,  0,  0,  0,  0,  0,  0,  0,  0,  0,  0,  0,  0,  0,  0,  0,  0,  0,  0,  0,  0,  0,  0,  0,  0,  0,  0,  0,  0,  0,  0,  0,  0,  0,  0,  0,  0,  0,  0,  0,  0,  0,  0,  0,  0,  0,  0,  0,  0,  0,  0,  0,  0,  0,  0
  0,  0,  0,  0, 88, 41,100,  0, 37,  0, 74, 51, 46, 69,174,156, 48, 72, 71,  0,  0, 56, 42, 63, 49,  0,  0, 59, 81, 73,103, 55, 65, 47, 86, 75, 88, 81, 71, 69, 70, 83, 70, 67,213,  0,  0,211,105,  0,  0,  0,  0,  0,  0,  0,  0,  0,  0,  0,  0,  0,  0,  0,  0,  0,  0,  0,  0,  0,  0,  0,  0,  0,  0,  0,  0,  0,  0,  0,  0,  0,  0,  0,  0,  0,  0,  0,  0,  0,  0,  0,  0,  0,  0,  0,  0,  0,  0,  0,  0,  0,  0,  0,  0,  0,  0,  0,  0,  0,  0
  0,  0,  0,  0, 94, 54, 93, 90, 37,  0,  0, 67, 62, 57, 81,116, 67, 52, 88, 53,  0, 54, 51, 66, 62, 65, 70, 69, 49, 36,  0,  0,  0,  0, 40, 68, 72, 67, 75, 67, 74, 90, 58, 67,248, 67, 69,185,  0,  0,  0,  0,  0,  0,  0,  0,  0,  0,  0,  0,  0,  0,  0,  0,  0,  0,  0,  0,  0,  0,  0,  0,  0,  0,  0,  0,  0,  0,  0,  0,  0,  0,  0,  0,  0,  0,  0,  0,  0,  0,  0,  0,  0,  0,  0,  0,  0,  0,  0,  0,  0,  0,  0,  0,  0,  0,  0,  0,  0,  0,  0
  0,  0,  0,  0,  0, 72, 77, 68,  0,  0,  0, 25, 68, 76, 75, 75, 64, 52, 77, 50, 51, 54, 57, 63, 61,  0, 63, 38, 60,  0,  0,  0,  0,  0,  0,  0,  0, 56, 90, 62, 54,117, 69, 58, 69,237, 61,183, 65, 58,  0,  0,  0,  0,  0,  0,  0,  0,  0,  0,  0,  0,  0,  0,  0,  0,  0,  0,  0,  0,  0,  0,  0,  0,  0,  0,  0,  0,  0,  0,  0,  0,  0,  0,  0,  0,  0,  0,  0,  0,  0,  0,  0,  0,  0,  0,  0,  0,  0,  0,  0,  0,  0,  0,  0,  0,  0,  0,  0,  0,  0
  0,  0,  0,  0,  0, 62, 40, 43,  0,  0,  0, 18, 46, 63, 68, 70, 69, 51, 84,  0, 75, 56, 63, 68, 57, 46, 46, 56, 54,  0,  0,  0,  0,  0,  0,  0, 91, 72,111, 83, 93, 91, 83, 57, 57,234, 66,140,158, 54, 67,  0,  0,  0,  0,  0,  0,  0,  0,  0,  0,  0,  0,  0,  0,  0,  0,  0,  0,  0,  0,  0,  0,  0,  0,  0,  0,  0,  0,  0,  0,  0,  0,  0,  0,  0,  0,  0,  0,  0,  0,  0,  0,  0,  0,  0,  0,  0,  0,  0,  0,  0,  0,  0,  0,  0,  0,  0,  0,  0,  0
  0,  0,  0,  0, 38, 82, 58, 33,  0,  0,  0, 19,  0, 58, 56, 53, 64, 51, 72,  0, 70, 52, 55, 72,  0, 60,  0, 62, 41,  0,  0,  0,  0,126,119,115,112,  0,133,  0, 80,  0,  0,  0,  0,205, 38,107,125,  0, 52, 56, 57,  0,  0,  0,  0,  0,  0,  0,  0,  0,  0,  0,  0,  0,  0,  0,  0,  0,  0,  0,  0,  0,  0,  0,  0,  0,  0,  0,  0,  0,  0,  0,  0,  0,  0,  0,  0,  0,  0,  0,  0,  0,  0,  0,  0,  0,  0,  0,  0,  0,  0,  0,  0,  0,  0,  0,  0,  0,  0
  0,  0,  0, 44, 62, 47, 81, 27,  0,  0, 25, 22,  0, 46, 64, 44, 71, 59, 76, 61, 70, 60, 72, 66, 63, 55, 55, 75, 61, 73, 79, 93,132,120, 47,  0, 41, 60,131, 66, 90, 62, 57, 63, 68,164, 48, 68, 95,  0,  0,  0, 58, 66, 47,  0,  0,  0,  0,  0,  0,  0,  0,  0,  0,  0,  0,  0,  0,  0,  0,  0,  0,  0,  0,  0,  0,  0,  0,  0,  0,  0,  0,  0,  0,  0,  0,  0,  0,  0,  0,  0,  0,  0,  0,  0,  0,  0,  0,  0,  0,  0,  0,  0,  0,  0,  0,  0,  0,  0,  0
  0,  0, 44, 62, 47, 41,  0,  0,  0,  0, 17,  0,  0, 44, 54, 77, 58, 85, 66, 46, 65, 59, 62,  0, 58, 46, 53, 67, 78,  0,  0, 78, 53, 29, 17, 58, 44,  0,140,  0, 84,  0,  0,  0,  0,  0,172, 15, 69, 62,  0,  0,  0,  0, 61, 64, 48,  0,  0,  0,  0,  0,  0,  0,  0,  0,  0,  0,  0,  0,  0,  0,  0,  0,  0,  0,  0,  0,  0,  0,  0,  0,  0,  0,  0,  0,  0,  0,  0,  0,  0,  0,  0,  0,  0,  0,  0,  0,  0,  0,  0,  0,  0,  0,  0,  0,  0,  0,  0,  0,  0
  0, 43, 58, 35,  0,  0,  0,  0,  0,  0, 17,  0,  0, 43, 54, 66, 66, 83, 82, 65, 73, 74, 64, 52, 39, 54, 64, 62, 55, 47, 57, 58, 35, 62, 58, 60, 64, 70,126, 64, 86, 89, 68, 61, 55, 59,164, 66, 52, 56, 65, 57,  0,  0,  0,  0, 60, 64,  0,  0,  0,  0,  0,  0,  0,  0,  0,  0,  0,  0,  0,  0,  0,  0,  0,  0,  0,  0,  0,  0,  0,  0,  0,  0,  0,  0,  0,  0,  0,  0,  0,  0,  0,  0,  0,  0,  0,  0,  0,  0,  0,  0,  0,  0,  0,  0,  0,  0,  0,  0,  0
  0, 64,  0,  0,  0,  0,  0,  0,  0,  0,  0,  0,  0, 41, 71, 81, 50, 54, 72, 78, 64, 49, 62, 47, 70, 71, 71, 90, 86, 59, 54, 60, 58, 66,130,132,118, 97,146,149,136,131,128,123,136,101,158,193,127, 57,115,154,189, 59,  0,  0,  0, 42, 56, 61,  0,  0,  0,  0,  0,  0,  0,  0,  0,  0,  0,  0,  0,  0,  0,  0,  0,  0,  0,  0,  0,  0,  0,  0,  0,  0,  0,  0,  0,  0,  0,  0,  0,  0,  0,  0,  0,  0,  0,  0,  0,  0,  0,  0,  0,  0,  0,  0,  0,  0,  0
  0,  0,  0,  0,  0,  0,  0,  0,  0,  0,  0,  0,  0,  0, 66, 55, 45, 67, 50, 80, 64, 58, 60, 67, 86, 47, 56, 65, 49, 52, 50, 60, 53,127,126,  0,  0, 69, 67, 83, 76,144, 90,137,116,139, 88,188, 65, 36,  0,  0,  0,219,213,  0,  0,  0,  0, 57, 56, 59,  0,  0,  0,  0,  0,  0,  0,  0,  0,  0,  0,  0,  0,  0,  0,  0,  0,  0,  0,  0,  0,  0,  0,  0,  0,  0,  0,  0,  0,  0,  0,  0,  0,  0,  0,  0,  0,  0,  0,  0,  0,  0,  0,  0,  0,  0,  0,  0,  0
  0,  0,  0,  0,  0,  0,  0,  0,  0,  0,  0,  0,  0,  0, 81, 51, 53, 73, 43, 73, 71, 71, 71, 80, 54, 55, 65, 58, 71, 65, 75, 73,121,137, 77, 76, 75, 69, 65,110, 88, 95, 99,100, 88, 83, 69,123,187,112,  0,  0,  0,  0, 51,233,226,  0,  0,  0,  0, 56, 57, 52,  0,  0,  0,  0,  0,  0,  0,  0,  0,  0,  0,  0,  0,  0,  0,  0,  0,  0,  0,  0,  0,  0,  0,  0,  0,  0,  0,  0,  0,  0,  0,  0,  0,  0,  0,  0,  0,  0,  0,  0,  0,  0,  0,  0,  0,  0,  0
  0,  0,  0,  0,  0,  0,  0,  0,  0,  0,  0,  0,  0,  0, 69, 64, 58, 68, 61, 70, 56, 69, 80, 67, 61, 55, 51, 82, 71, 64, 56,123,127,  0,  0,  0,  0,  0, 53, 82,  0,  0,  0,  0,  0, 85, 91, 83,200, 67,  0,  0,  0,  0,  0,  0, 58,231,238,  0,  0,  0,  0, 57, 57, 50,  0,  0,  0,  0,  0,  0,  0,  0,  0,  0,  0,  0,  0,  0,  0,  0,  0,  0,  0,  0,  0,  0,  0,  0,  0,  0,  0,  0,  0,  0,  0,  0,  0,  0,  0,  0,  0,  0,  0,  0,  0,  0,  0,  0,  0
  0,  0,  0,  0,  0,  0,  0,  0,  0,  0,  0,  0,  0,  0, 64, 70, 65, 64, 62, 66,  0, 77, 59, 59, 46, 51, 72,117, 63, 59,110,118,  0,  0,  0,  0,  0, 21, 43, 87,  0,  0,  0,  0,  0,  0,  0,  0,211,223,  0,  0,  0,  0,  0,  0,  0,  0, 54,245,230,224,  0,  0,  0, 54, 63,  0,  0,  0,  0,  0,  0,  0,  0,  0,  0,  0,  0,  0,  0,  0,  0,  0,  0,  0,  0,  0,  0,  0,  0,  0,  0,  0,  0,  0,  0,  0,  0,  0,  0,  0,  0,  0,  0,  0,  0,  0,  0,  0,  0
  0,  0,  0,  0,  0,  0,  0,  0,  0,  0,  0,  0,  0,  0, 69, 60, 68, 65, 68, 56, 60, 64, 56, 62, 51, 66, 57, 83,127,113, 87,  0,  0,  0,  0,  0,  0, 47,102,113,  0,  0,  0,  0,  0,  0,  0,  0,  0,196,  0,  0,  0,  0,  0,  0,  0,  0,  0, 40, 56,244,235,221,  0,  0, 42, 55, 54,  0,  0,  0,  0,  0,  0,  0,  0,  0,  0,  0,  0,  0,  0,  0,  0,  0,  0,  0,  0,  0,  0,  0,  0,  0,  0,  0,  0,  0,  0,  0,  0,  0,  0,  0,  0,  0,  0,  0,  0,  0,  0
  0,  0,  0,  0,  0,  0,  0,  0,  0,  0,  0,  0,  0,  0, 66, 76, 68, 64, 71, 60, 65, 78, 62, 66, 71, 57, 71,  0,124, 60, 49,  0,  0,  0,  0,  0, 49, 99,  0,  0,  0,  0,  0,  0,  0,  0,  0,  0,  0,193,  0,  0,  0,  0,  0,  0,  0,  0,  0,  0,  0,  0, 58,240,237,216,  0,  0, 48, 66, 47,  0,  0,  0,  0,  0,  0,  0,  0,  0,  0,  0,  0,  0,  0,  0,  0,  0,  0,  0,  0,  0,  0,  0,  0,  0,  0,  0,  0,  0,  0,  0,  0,  0,  0,  0,  0,  0,  0,  0,  0
  0,  0,  0,  0,  0,  0,  0,  0,  0,  0,  0,  0,  0,  0, 77, 76, 68, 66, 78, 78, 59, 59, 65, 74, 72, 69,  0,105,121,118,  0,  0,  0,  0,  0,  0,108, 93,  0,  0,  0,  0,  0,  0,  0,  0,  0,  0,  0,  0,204,  0,  0,  0,  0,  0,  0,  0,  0,  0,  0,  0,  0, 42, 70,224,  0,  0,  0,  0, 49, 61, 49,  0,  0,  0,  0,  0,  0,  0,  0,  0,  0,  0,  0,  0,  0,  0,  0,  0,  0,  0,  0,  0,  0,  0,  0,  0,  0,  0,  0,  0,  0,  0,  0,  0,  0,  0,172,181,  0
  0,  0,  0,  0,  0,  0,  0,  0,  0,  0,  0,  0,  0, 66, 73, 58, 73, 65,100, 69,  0, 72, 72, 66, 66,  0,115,105,  0,123,  0,  0,  0,  0,  0,102, 99,  0,  0,  0,  0,  0,  0,  0,  0,  0,  0,  0,  0,  0,198,194,  0,  0,  0,  0,  0,  0,  0,  0,  0,  0,  0,  0,  0, 65, 76, 75,  0,  0,  0,  0, 56, 57, 55,  0,  0,  0,  0,  0,  0,  0,  0,  0,  0,  0,  0,  0,  0,  0,  0,  0,  0,  0,  0,  0,  0,  0,  0,  0,  0,  0,  0,  0,  0,  0,  0,  0,177,  0,  0
  0,  0,  0,  0,  0,  0,  0,  0,  0,  0,  0,  0, 57, 70, 63, 78, 61, 71,105, 63, 84, 64, 64, 65, 60,124,119,  0,  0,120,  0,  0,  0,  0, 84,103,  0,  0,  0,  0,  0,  0,  0,  0,  0,  0,  0,  0,  0,  0,  0,191,202,  0,  0,  0,  0,  0,  0,  0,  0,  0,  0,  0,  0,  0,  0, 65, 63, 72, 76,  0,  0,  0, 63, 60,  0,  0,  0,  0,  0,  0,  0,  0,  0,  0,  0,  0,  0,  0,  0,  0,  0,  0,  0,  0,  0,  0,  0,  0,  0,  0,  0,  0,  0,  0,  0,185,158,  0,  0
  0,  0,  0,  0,  0,  0,  0,  0,  0,  0,  0, 50, 64, 76, 77, 69, 91, 86, 98, 67, 74, 67, 62, 68, 59,126,  0,  0,  0,  0,108,  0,  0, 94,108,  0,  0,  0,  0,  0,  0,  0,  0,  0,  0,  0,  0,  0,  0,  0,  0,  0,195,189,  0,  0,  0,  0,  0,  0,  0,  0,  0,  0,  0,  0,  0,  0,  0,  0, 61, 72, 77, 74,  0, 53, 65, 61,  0,  0,  0,  0,  0,  0,  0,  0,  0,  0,  0,  0,  0,  0,  0,  0,  0,  0,  0,  0,  0,  0,  0,  0,  0,  0,  0,  0,  0,180,  0,  0,  0
  0,  0,  0,  0,  0,  0,  0,  0,  0, 51, 56, 65, 69, 70, 82, 86, 75, 92, 69, 68, 66, 42, 71, 65,120,  0,  0,  0,  0,  0, 85,  0, 97,109, 96,  0,  0,  0,  0,  0,  0,  0,  0,  0,  0,  0,  0,  0,  0,  0,  0,  0,  0,196,206,  0,  0,  0,  0,  0,  0,  0, 66,  0,  0,  0,  0,  0,  0,  0,  0,  0,  0, 63, 77, 71, 65, 48, 59, 53,  0,  0,  0,  0,  0,  0,  0,  0,  0,  0,  0,  0,  0,  0,  0,  0,  0,  0,  0,  0,  0,  0,  0,  0,  0,  0,172,  0,  0,  0,  0
  0,  0,  0,  0,  0,  0,  0, 44, 71, 56, 65, 61, 73, 70, 66, 86, 92, 75, 66, 67, 54, 67,108,114,  0,  0,  0,  0,  0,  0, 73,107,102, 79, 68,  0,  0,  0,  0,  0,  0,  0,  0,  0,  0,  0,  0,  0,  0,  0,  0,  0,  0,  0,194,  0,  0,  0,  0,  0,  0,  0, 69, 61,  0,  0,  0,  0,  0,  0,  0,  0,  0,  0,  0,  0, 74, 77, 82, 71, 59, 57,  0,  0,  0,  0,  0,  0,  0,  0,  0,  0,  0,  0,  0,  0,  0,  0,  0,  0,  0,  0,  0,  0,  0,  0,174,  0,  0,  0,  0
  0,  0,  0,  0,  0, 53, 58, 58,  0, 71, 61, 72, 69, 72, 70, 65, 70, 64, 77, 65, 64,110,110,  0,  0,  0,  0,  0,  0,  0,  0,116, 59, 65,  0,  0,  0,  0,  0,  0,  0,  0,  0,  0,  0,  0,  0,  0,  0,  0,  0,  0,  0,  0,  0,188,  0,  0,  0,  0,  0,  0,  0, 58,  0,  0,  0,  0,  0,  0,  0,  0,  0,  0,  0,  0,  0,  0,  0, 65, 71, 78, 66,  0,  0,  0,  0,  0,  0,  0,  0,  0,  0,  0,  0,  0,  0,  0,  0,  0,  0,  0,  0,  0,  0,178,  0,  0,  0,  0,  0
  0,  0,  0,  0, 66, 58,  0, 73, 63, 72, 79, 93, 67, 60, 60, 36, 65,114,127,118,126,107, 48,  0,  0,  0,  0,  0,  0,  0, 99,105,119,  0,  0,  0,  0,  0,  0,  0,  0,  0,  0,  0,  0,  0,  0,  0,  0,  0,  0,  0,  0,  0,  0,  0,178,  0,  0,  0,  0,  0,  0, 47, 50,  0,  0,  0,  0,  0,  0,  0,  0,  0,  0,  0,  0,  0,  0,  0,  0,  0, 74, 63, 76,  0,  0,  0,  0,  0,  0,  0,  0,  0,  0,  0,  0,  0,  0,  0,  0,  0,  0,  0,  0,169,  0,  0,  0,  0,  0
  0,  0,  0, 50, 66, 19, 64, 72, 71,115,113,121,129,139,123,117,121,109, 56, 73, 64,  0, 48, 45,  0,  0,  0,  0,  0, 91,  0,  0,140,  0,  0,  0,  0,  0,  0,  0,  0,  0,  0,  0,  0,  0,  0,  0,  0,  0,  0,  0,  0,  0,  0,  0,157,158,165,  0,  0,  0,  0,  0, 53,  0,  0,  0,  0,  0,  0,  0,  0,  0,  0,  0,  0,  0,  0,  0,  0,  0,  0,  0, 62, 68, 74, 78, 70, 54, 54, 41, 50, 57,  0,  0,  0,  0,  0,  0,  0,  0,  0,  0,155,  0, 45, 50, 90, 24,  0
  0,  0, 53, 77, 73,115, 78,117, 81,109, 72, 77, 60, 76, 61, 68, 56, 85, 57,  0, 62,  0, 48, 57,  0,  0,  0,  0, 82, 79,  0, 68,150,194,  0,  0,  0,  0,  0,  0,  0,  0,  0,  0,  0,  0,  0,  0,  0,  0,  0,  0,  0,  0,  0,  0,  0,  0,174,211,237,  0,  0,  0, 67, 93,  0,  0,  0,  0, 23, 34,  0,  0,  0,  0,  0,  0,  0,  0,  0,  0,  0,  0,  0,  0, 63, 92, 89, 84, 90, 86, 82, 85,102,102, 81, 70, 78, 72, 70, 76, 79,103,167, 85, 79, 76, 59, 31,  0
 24, 74, 77, 66, 70, 74, 80, 63, 61, 67, 58, 87, 71,106, 60,  0,145,106, 55,  0, 65,  0, 68, 60,  0,  0,  0, 93, 85,  0,  0, 78,  0,211,  0,229,230,213,176,134, 96,134,135,137,136,140,150,140,142,  0,  0,  0,  0,  0,  0,  0,  0,  0,  0,  0,230,216,  0,  0,  0, 96,  0,  0,  0,  0, 19, 49,  0,  0,  0,  0,  0,  0,  0,  0,  0,  0,  0,  0,  0,  0,  0,  0, 94,106, 91, 65, 67, 73, 74, 86, 77, 68, 81, 80, 76, 96,154,166, 69, 88, 83,137, 81,  0,  0
 33, 48, 57, 62, 73, 76, 59, 63, 56, 71, 66, 70, 94, 82,162,165, 52, 45, 58,  0, 60,  0, 66, 67,  0,  0, 79, 81,  0,  0,  0,  0,  0, 71,134,110,  0,  0,  0, 70,  0,  0,  0,  0,  0,  0,  0,  0,150,147,149,  0,  0,  0,  0,  0,  0,  0,  0,  0,187,204,230,206,  0, 69, 67,  0,  0,  0,  0, 45, 63,  0,  0,  0,  0,  0,  0,  0,  0,  0,  0,  0,  0, 78, 50, 58, 55, 67, 81,107,100, 65,120, 84, 62, 70, 64, 73, 75, 82, 84,117,213,118, 62, 82, 52,  0,  0
 50, 63, 50, 58, 75, 81, 64, 78, 66, 64, 77, 34,180,176,178,  0, 58,  0, 47, 55, 62,  0, 57, 52,  0, 75, 69,  0,  0,  0,  0,  0, 70, 62, 97,107,  0,  0,  0,  0,  0,  0,  0,  0,  0,  0,  0,  0,  0,  0,140,146,151,142,  0,  0,  0,  0,  0,  0,157,176,185,202,219,210,212,  0,  0,  0,  0,  0, 49, 76,  0,  0,  0,  0,  0,  0,  0, 42,  0,  0,  0,  0, 71, 84, 69, 75, 93, 90, 82, 81, 86, 80,112, 76,132,120,123,119,135,122, 98, 97,101, 78, 54,  0,  0
 49, 36, 53, 70, 61, 65, 51, 59, 14, 23, 71, 59,182, 63,  0, 54, 45,  0,  0, 56, 55,  0, 59, 55, 75,  0,  0,  0,  0,  0,  0, 61, 60, 33,  0,148,  0,  0,  0,  0,  0,  0,  0,  0,  0,  0,  0,  0,  0,  0,  0,  0,  0,141,150,141,144,  0,  0,  0,  0,  0,179,180,  0,  0,194,206,213,  0,  0,  0, 60, 58, 62,  0,  0,  0,  0,  0, 32, 80, 71, 49, 65, 53, 71, 71, 75, 74, 68, 69, 69, 67, 73, 68, 69, 42, 47, 43,140, 42, 68, 62, 50, 42, 50, 44,  0,  0,  0
  0, 44, 48, 41, 55, 54, 40, 53, 64, 69, 75, 60, 46, 64, 67, 46, 29, 41,  0, 79, 42, 49, 60, 77, 74,  0,  0,  0,  0, 58, 81, 83,  0,  0,  0,  0,  0,  0,  0,  0,  0,  0,  0,  0,  0,  0,  0,  0,  0,  0,  0,  0,  0,  0,  0,  0,146,159,163,168,179,176,178,183,173,176,159,174,177,198,213,206,217,  0, 67,  0,  0,  0,  0, 52, 64, 73, 66, 69, 67, 66, 70, 62,  0,  0,  0,  0,  0,  0,  0,  0,  0,  0,  0,  0,  0,  0,  0, 63, 39,  0,  0,  0,  0,  0,  0
  0,  0,  0,  0, 36, 51, 78, 63, 66, 80, 70, 68, 57, 71, 52, 27, 39,  0,  0, 61,  0, 48, 78, 67, 48,  0,  0,  0, 70, 75, 15,  0,  0,  0,  0,  0,  0,  0,  0,  0,  0,  0,  0,  0,  0,  0,  0,  0,  0,  0,  0,  0,  0,  0,  0,  0,  0,  0,  0,177,  0,  0,  0,  0,177,162,  0,  0, 64,170,164,179,210,209,212,210,215,215,  0, 75, 70, 62, 61,  0, 75, 72,  0,  0,  0,  0,  0,  0,  0,  0,  0,  0,  0,  0,  0,  0,  0,  0,  0,  0, 55,  0,  0,  0,  0,  0,  0
  0,  0,  0,  0, 49,  0,  0, 34, 67, 78, 43, 50, 74, 47,  0,  0,  0,  0,  0, 71,  0, 66, 70,  0, 50,  0,  0, 76, 78, 40, 20,  0,  0,  0,  0,  0,  0,  0,  0,  0,  0,  0,  0,  0,  0,  0,  0,  0,  0,  0,  0,  0,  0,  0,  0,  0,  0,  0,  0,  0,  0,  0,  0,  0,  0,180,  0,  0,  0, 48, 66,  0,  0, 59,174,174,168,209,225,225,232,240,230,236,241,239,244,242,244,242,249,  0,  0,  0,  0,  0,  0,  0,  0,163,168,170,176,151,152,126,108, 43,  0,  0,  0
  0,  0,  0,  0, 54,  0,  0, 39, 83, 71, 60, 82, 68,  0,  0,  0,  0,  0,  0, 31,  0, 85, 66,  0, 50, 62, 78, 68, 22, 27,  0,  0,  0,  0,  0,  0,  0,  0,  0,  0,  0,  0,  0,  0,  0,  0,  0,  0,  0,  0,  0,  0,  0,  0,  0,  0,  0,  0,  0,  0,  0,  0,  0,  0,  0,  0,185,184,  0,  0, 62, 58,  0, 68,  0, 78,  0,  0, 70, 58, 96,  0, 74, 67,129,132,168,173,171,168,231,244,233,241,247,242,256,248,165,166,  0,  0,  0,  0,  0, 48,  0,  0,  0,  0,  0
 61, 51,  0,  0, 49,  0,  0, 42, 78, 82, 71, 78, 61,  0,  0,  0,  0,  0,  0,  0, 75, 72, 61, 74, 83, 78,  0,  0, 47,  0,  0,  0,  0,  0,  0,  0,  0,  0,  0,  0,  0,  0,  0,  0,  0,  0,  0,  0,  0,  0,  0,  0,  0,  0,  0,  0,  0,  0,  0,  0,  0,  0,  0,  0,  0,  0,  0,169,173,  0,  0, 78,  0, 71, 63, 49, 58, 74, 68,  0, 79, 62, 60,  0, 56, 45,  0,  0,138,132,138,134,137,130,135,131,141,259,269,256,264,239,245,237,207,182,139, 72,  0,  0,  0
  0, 27, 39,  0, 59,  0,  0, 36, 71, 66, 70, 69, 88,  0,  0,  0,  0,  0,  0, 76, 69, 54, 66, 84, 84,  0,  0, 38, 33,  0,  0,  0,  0,  0,  0,  0,  0,  0,  0,  0,  0,  0,  0,  0,  0,  0,  0,  0,  0,  0,  0,  0,  0,  0,  0,  0,  0,  0,  0,  0,  0,  0,  0,  0,  0,  0,  0,  0,184,166,  0, 64,  0,  0, 65,  0, 55, 67, 74,  0, 78, 52,  0,  0,  0, 49, 26,  0,  0,  0,  0,  0,  0,  0,  0,  0,  0,  0,  0,  0,136,130,136,132,129,119,100, 66, 14,  0,  0
  0,  0, 49, 53, 51,  0,  0, 62, 63, 35,106, 80, 90,  0,  0,  0,  0,  0,  0, 95, 98, 89, 80, 78, 68,  0,  0, 37,  0,  0,  0,  0,  0,  0,  0,  0,  0,  0,  0,  0,  0,  0,  0,  0,  0,  0,  0,  0,  0,  0,  0,  0,  0,  0,  0,  0,  0,  0,  0,  0,  0,  0,  0,  0,  0,  0,  0,  0,  0,182,169, 77, 90,  0, 68,  0, 78, 49, 77,  0, 70, 56,  0,  0,  0,  0,  0,  0,  0,  0,  0,  0,  0,  0,  0,  0,  0,  0,  0,  0,  0,  0,  0,  0,  0,  0, 68, 59,  0,  0,  0
 40, 18,  0, 78, 60,  0,  0, 75,  0,129,138,123,130,123,111,120,108,111, 94, 92,  0,  0, 71, 62, 46, 54,  0, 45,  0,  0,  0,  0,  0,  0,  0,  0,  0,  0,  0,  0,  0,  0,  0,  0,  0,  0,  0,  0,  0,  0,  0,  0,  0,  0,  0,  0,  0,  0,  0,  0,  0,  0,  0,  0,  0,  0,  0,  0,  0,  0,178,185, 68,  0,  0, 78, 54, 61, 75, 64, 53,  0,  0,  0,  0,  0,  0,  0,  0,  0,  0,  0,  0,  0,  0,  0,  0,  0,  0,  0,  0,  0,  0,  0,  0, 68, 71, 53, 68,  0,  0
  0, 27,  0,  0, 64, 70,  0, 51,  0, 65, 55,118,  0,  0,  0,  0,  0, 76, 75,  0,  0,  0, 49, 65,  0, 69,  0, 41,  0,  0,  0,  0,  0,  0,  0,  0,  0,  0,  0,  0,  0,  0,  0,  0,  0,  0,  0,  0,  0,  0,  0,  0,  0,  0,  0,  0,  0,  0,  0,  0,  0,  0,  0,  0,  0,  0,  0,  0,  0,  0,  0,167,177, 60,  0, 62, 43, 74, 62, 78, 15, 22,  0,  0,  0,  0,  0,  0,  0,  0,  0,  0,  0,  0,  0,  0,  0,  0,  0,  0,  0,  0,  0, 56, 72, 65,  0,  0, 55,  0,  0
  0, 63, 55,  0, 44, 61, 64, 58,  0, 46, 49,124,107,  0,  0,  0, 69, 84,  0,  0,  0,  0, 56, 64, 40, 58,  0, 29,  0,  0,  0,  0,  0,  0,  0,  0,  0,  0,  0,  0,  0,  0,  0,  0,  0,  0,  0,  0,  0,  0,  0,  0,  0,  0,  0,  0,  0,  0,  0,  0,  0,  0,  0,  0,  0,  0,  0,  0,  0,  0,  0,  0,158,175, 51, 75, 35, 61, 66, 49,  0, 45,  0,  0,  0,  0,  0,  0,  0,  0,  0,  0,  0,  0,  0,  0,  0,  0,  0,  0,  0,  0, 62, 62,  0,  0,  0,  0,  0,  0,  0
  0,  0, 58,  0, 41,  0, 73, 71,  0, 50, 46, 54,124,  0,  0,  0, 77,  0,  0,  0,  0,  0, 49, 80, 44, 53,  0, 41,  0,  0,  0,  0,  0,  0,  0,  0,  0,  0,  0,  0,  0,  0,  0,  0,  0,  0,  0,  0,  0,  0,  0,  0,  0,  0,  0,  0,  0,  0,  0,  0,  0,  0,  0,  0,  0,  0,  0,  0,  0,  0,  0,  0,  0,155,171, 87, 86, 74, 63,  0,  0, 80, 76,  0,  0,  0,  0,  0,  0,  0,  0,  0,  0,  0,  0,  0,  0,  0,  0,  0,  0, 73, 73,  0,  0,  0,  0,  0,  0,  0,  0
  0,  0, 19, 49, 32,  0, 82, 63, 53, 76, 48, 62,  0,129,  0, 65,  0,  0,  0,  0,  0,  0, 50, 68, 66, 64,  0, 38, 44,  0,  0,  0,  0,  0,  0,  0,  0,  0,  0,  0,  0,  0,  0,  0,  0,  0,  0,  0,  0,  0,  0,  0,  0,  0,  0,  0,  0,  0,  0,  0,  0,  0,  0,  0,  0,  0,  0,  0,  0,  0,  0,  0,  0, 89,162,138, 89, 65, 52,  0,  0,  0, 96,  0,  0,  0,  0,  0,  0,  0,  0,  0,  0,  0,  0,  0,  0,  0,  0,  0, 76, 66,  0,  0,  0,  0,  0,  0,  0,  0,  0
  0, 59, 63, 50, 60,  0, 34, 41, 64, 50, 75,  0,  0,114, 98, 60,  0,  0,  0,  0,  0,  0, 65, 69, 62, 91,125,  0, 52,  0,  0,  0,  0,  0,  0,  0,  0,  0,  0,  0,  0,  0,  0,  0,  0,  0,  0,  0,  0,  0,  0,  0,  0,  0,  0,  0,  0,  0,  0,  0,  0,  0,  0,  0,  0,  0,  0,  0,  0,  0,  0,  0,  0,  0, 82,159, 82, 54,  0,  0,  0,  0, 85, 91,  0,  0,  0,  0,  0,  0,  0,  0,  0,  0,  0,  0,  0,  0, 74, 59, 56,  0,  0,  0,  0,  0,  0,  0,  0,  0,  0
  0,  0,105,  0, 53,  0, 48, 33,  0, 69, 61, 46,  0, 71,112,  0,  0,  0,  0,  0,  0,  0, 57, 65, 74,  0,116,  0, 37,  0,  0,  0,  0,  0,  0,  0,  0,  0,  0,  0,  0,  0,  0,  0,  0,  0,  0,  0,  0,  0,  0,  0,  0,  0,  0,  0,  0,  0,  0,  0,  0,  0,  0,  0,  0,  0,  0,  0,  0,  0,  0,  0,  0,  0, 54,161, 90, 45,  0,  0,  0,  0,  0, 97,  0,  0,  0,  0,  0,  0,  0,  0,  0,  0,  0,  0,  0, 66, 68,  0,  0,  0,  0,  0,  0,  0,  0,  0,  0,  0,  0
  0,  0,124,116, 53, 51,  0, 62, 32, 54, 79, 42, 85, 73,118,113,  0,  0,  0,  0,  0,  0, 67, 60, 89,  0,131,  0, 35,  0,  0,  0,  0,  0,  0,  0,  0,  0,  0,  0,  0,  0,  0,  0,  0,  0,  0,  0,  0,  0,  0,  0,  0,  0,  0,  0,  0,  0,  0,  0,  0,  0,  0,  0,  0,  0,  0,  0,  0,  0,  0,  0,  0,  0,  0,147,108, 42,  0,  0,  0,  0,  0,  0, 93,  0,  0,  0,  0,  0,  0,  0,  0,  0,  0,  0, 65, 69,  0,  0,  0,  0,  0,  0,  0,  0,  0,  0,  0,  0,  0
  0,  0,  0,115, 32, 51, 49, 40, 50, 81, 64, 42,  0,  0,  0,127,128,  0,  0,  0,  0,  0, 56, 67, 86,  0,119,  0, 42,  0,  0,  0,  0,  0,  0,  0,  0,  0,  0,  0,  0,  0,  0,  0,  0,  0,  0,  0,  0,  0,  0,  0,  0,  0,  0,  0,  0,  0,  0,  0,  0,  0,  0,  0,  0,  0,  0,  0,  0,  0,  0,  0,  0,  0,  0, 46,124, 41,  0,  0,  0,  0,  0,  0, 94, 91,  0,  0,  0,  0,  0,  0,  0,  0,  0, 59, 73,  0,  0,  0,  0,  0,  0,  0,  0,  0,  0,  0,  0,  0,  0
  0,  0,  0, 80, 87,  0, 49, 60, 40, 78,  0, 74,  0,  0,  0,  0,129,143,  0,  0,  0,  0,  0, 83, 69, 69, 94,108, 44, 29,  0,  0,  0,  0,  0,  0,  0,  0,  0,  0,  0,  0,  0,  0,  0,  0,  0,  0,  0,  0,  0,  0,  0,  0,  0,  0,  0,  0,  0,  0,  0,  0,  0,  0,  0,  0,  0,  0,  0,  0,  0,  0,  0,  0,  0, 53,161, 82, 50,  0,  0,  0,  0,  0,  0, 82,  0,  0,  0,  0,  0,  0,  0,  0, 65, 66,  0,  0,  0,  0,  0,  0,  0,  0,  0,  0,  0,  0,  0,  0,  0
  0,  0,  0,  0, 80, 80, 33, 54, 46, 86, 53, 45,  0,  0,  0,  0,  0,130,140,138,  0,  0,  0, 45, 57, 65,  0, 64,  0, 48,  0,  0,  0,  0,  0,  0,  0,  0,  0,  0,  0,  0,  0,  0,  0,  0,  0,  0,  0,  0,  0,  0,  0,  0,  0,  0,  0,  0,  0,  0,  0,  0,  0,  0,  0,  0,  0,  0,  0,  0,  0,  0,  0,  0, 52, 51,146, 52, 49, 55,  0,  0,  0,  0,  0, 84, 83,  0,  0,  0,  0,  0,  0, 78, 64,  0,  0,  0,  0,  0,  0,  0,  0,  0,  0,  0,  0,  0,  0,  0,  0
  0,  0,  0,  0, 24, 70, 78, 28, 59, 98, 43, 36, 82,  0,  0,  0,  0,  0,  0,137,147,  0,  0, 48, 65, 53, 44,131,  0, 42,  0,  0,  0,  0,  0,  0,  0,  0,  0,  0,  0,  0,  0,  0,  0,  0,  0,  0,  0,  0,  0,  0,  0,  0,  0,  0,  0,  0,  0,  0,  0,  0,  0,  0,  0,  0,  0,  0,  0,  0,  0,  0,  0,  0, 70, 39,147,  0,  0, 58, 53, 52,  0,  0,  0,  0, 97, 85,  0,  0,  0,  0, 65, 54,  0,  0,  0,  0,  0,  0,  0,  0,  0,  0,  0,  0,  0,  0,  0,  0,  0
  0,  0,  0,  0, 36, 28, 72, 50, 69, 60, 57, 52, 65, 73,  0,  0,  0,  0,  0,  0,  0,142,151, 35, 49,  0, 43,221,  0, 46,  0,  0,  0,  0,  0,  0,  0,  0,  0,  0,  0,  0,  0,  0,  0,  0,  0,  0,  0,  0,  0,  0,  0,  0,  0,  0,  0,  0,  0,  0,  0,  0,  0,  0,  0,  0,  0,  0,  0,  0,  0,  0,  0, 79, 56, 46,161,  0,  0,  0, 72, 64, 66, 58, 56, 49,  0, 99,  0,  0,  0, 73, 58,  0,  0,  0,  0, 65, 56, 61, 62, 66,  0,  0, 60, 67, 72, 64, 26,  0,  0
  0,  0,  0,  0,  0, 37, 64, 75, 41, 68, 62, 47, 46, 78, 62,  0,  0,  0,  0,  0,  0,  0,144,142, 78,  0, 62, 78, 67, 49,  0,  0,  0,  0,  0,  0,  0,  0,  0,  0,  0,  0,  0,  0,  0,  0,  0,  0,  0,  0,  0,  0,  0,  0,  0,  0,  0,  0,  0,  0,  0,  0,  0,  0,  0,  0,  0,  0,  0,  0,  0,  0, 38, 52, 54, 48,140,  0,  0,  0,  0,  0, 76, 56, 74, 83,110,276,248,190, 82, 61, 62, 74, 99, 95, 96, 94,  0,  0, 53, 73, 71, 81, 66,  0,  0,  0, 49, 13,  0
  0,  0,  0,  0,  0, 37,  0, 82, 41, 45, 73, 56, 47,  0, 78,  0,  0,  0,  0,  0,  0,  0,  0,140,147,152,162,  0, 67, 44, 49,  0,  0,  0,  0,  0,  0,  0,  0,  0,  0,  0,  0,  0,  0,  0,  0,  0,  0,  0,  0,  0,  0,  0,  0,  0,  0,  0,  0,  0,  0,  0,  0,  0,  0,  0,  0,  0,  0,  0,  0,  0, 79, 58, 50,159,134,  0,  0,  0,  0,  0,  0,  0, 89, 75, 77, 99,105,110,126,106, 74, 67, 65, 57, 64, 67, 64, 66, 60, 58, 57, 59, 73, 65, 60, 64, 63, 66,  0
  0,  0,  0,  0,  0, 38,  0, 94, 95, 48, 72, 61, 57, 54, 67, 62,  0,  0,  0,  0,  0,  0,  0,  0, 63, 53,168,162,173,  0, 74,  0,  0,  0,  0,  0,  0,  0,  0,  0,  0,  0,  0,  0,  0,  0,  0,  0,  0,  0,  0,  0,  0,  0,  0,  0,  0,  0,  0,  0,  0,  0,  0,  0,  0,  0,  0,  0,  0,  0,  0, 86, 70, 63, 75,159, 62,  0,  0,  0,  0,  0, 53, 70, 62, 64, 80, 66, 76, 72, 88,127, 56, 74, 82, 75, 62, 59, 54, 56, 63, 53, 58, 60, 63, 84, 79, 75, 26, 83,  0
  0, 35,  0,  0,  0, 24, 31,  0,105, 61, 55, 64, 64, 56, 54, 48, 56,  0,  0,  0,  0,  0,  0,  0,  0, 39, 65, 69, 56,170,154,164,  0,  0,  0,  0,  0,  0,  0,  0,  0,  0,  0,  0,  0,  0,  0,  0,  0,  0,  0,  0,  0,  0,  0,  0,  0,  0,  0,  0,  0,  0,  0,  0,  0,  0,  0,  0,  0,  0, 71, 87,  0, 56,141, 88,  0,  0,  0,  0, 49, 52, 68, 80, 66, 66, 81, 69, 62, 79, 86,115,128,141,113, 71, 74, 81, 76, 64, 64, 60, 69, 68, 47, 43, 73, 69, 45,  0,  0
  0, 65,  0,  0,  0,  0, 35,  0, 93, 68, 62, 56, 63, 51, 57, 60, 47, 76,  0,  0,  0,  0,  0,  0,  0, 59, 48, 72, 62, 56, 48,164,173,170,158,  0,  0,  0,  0,  0,  0,  0,  0,  0,  0,  0,  0,  0,  0,  0,  0,  0,  0,  0,  0,  0,  0,  0,  0,  0,  0,  0,  0,  0,  0,  0,  0,  0,  0,  0, 66, 59,  0, 81,161, 77,  0,  0,  0, 48, 68, 80, 74, 62, 56, 72, 88, 67, 63, 82, 76, 54, 84, 80, 82, 71, 57, 44, 74, 75, 83, 94, 73, 73, 65, 56, 64, 51, 30,  0,  0
  0, 31, 53, 55, 55, 64, 62, 48, 70, 68, 62, 78, 63, 54, 41, 70, 51, 61,  0,  0,  0,  0,  0,  0,  0, 72,  0, 69, 73, 65, 62, 50,  0,  0,164,175,  0,  0,  0,  0,  0,  0,  0,  0,  0,  0,  0,  0,  0,  0,  0,  0,  0,  0,  0,  0,  0,  0,  0,  0,  0,  0,  0,  0,  0,  0,  0,  0,  0,  0, 62,  0,  0,159,134,  0, 47, 59, 61, 73, 69, 66, 66, 81, 80, 90, 66, 51, 53, 50, 58, 51, 75, 67, 70, 75, 67, 67, 66, 69, 70, 66, 73, 73, 70, 71, 68, 52, 86,  0,  0
  0,  0, 58, 60, 57,  0,  0, 57, 55, 64, 68, 70, 52, 60, 61,  0, 66, 71, 70,  0,  0,  0,  0,  0,  0, 43, 68, 67, 90, 74, 38, 43,  0,  0,  0,  0,  0,  0,  0,  0,  0,  0,  0,  0,  0,  0,  0,  0,  0,  0,  0,  0,  0,  0,  0,  0,  0,  0,  0,  0,  0,  0,  0,  0,  0,  0,  0,  0,  0, 50, 71,  0, 85,160, 62, 53, 77, 60, 74, 65, 54,  0, 62, 71, 89, 57,  0,  0,  0,  0,  0,  0,  0,  0,  0,  0,  0,  0,  0,  0,  0,  0,  0,  0, 64, 81,  0,  0, 75,  0,  0
  0, 11, 44, 48, 66, 43,  0,  0, 38, 79,  0, 56, 87, 65, 90,  0,  0, 70, 73, 48,  0,  0,  0,  0,  0,  0, 66,  0, 74, 40, 59, 63, 81,  0,  0,  0,  0,  0,  0,  0,  0,  0,  0,  0,  0,  0,  0,  0,  0,  0,  0,  0,  0,  0,  0,  0,  0,  0,  0,  0,  0,  0,  0,  0,  0,  0,  0,  0, 34, 61,  0, 84,162, 47, 69, 51, 67, 76, 74, 50, 62, 71, 77, 72, 56,  0,  0,  0,  0,  0,  0,  0,  0,  0,  0,  0,  0,  0,  0,  0,  0,  0,  0,  0,  0,  0,  0,  0, 36,  0,  0
  0,  0,  0, 68, 59, 65, 52,  0, 42, 92, 54, 41, 72, 77, 69, 56,  0, 67, 80, 50, 54,  0,  0,  0,  0,  0, 73,  0, 51, 74, 59, 58, 65,  0,  0,  0,  0,  0,  0,  0,  0,  0,  0,  0,  0,  0,  0,  0,  0,  0,  0,  0,  0,  0,  0,  0,  0,  0,  0,  0,  0,  0,  0,  0,  0,  0,  0,  0, 66, 48,  0,163,146, 62, 67, 65, 63, 69, 82, 51, 61, 72, 65,  0,  0,  0,  0,  0,  0,  0,  0,  0,  0,  0,  0,  0,  0,  0,  0,  0,  0,  0,  0,  0,  0,  0,  0,  0,  0,  0,  0
  0,  0,  0,  0,  0, 53, 66, 55, 48, 64, 85, 66, 78, 69, 78, 73,  0,  0, 68, 78, 61, 64,  0,  0,  0,  0, 68,  0,  0, 68, 57, 83, 49, 14,  0,  0,  0,  0,  0,  0,  0,  0,  0,  0,  0,  0,  0,  0,  0,  0,  0,  0,  0,  0,  0,  0,  0,  0,  0,  0,  0,  0,  0,  0,  0,  0,  0, 60, 69,  0, 53,148, 72, 57, 65, 69, 59, 49, 87, 80, 58, 76,  0,  0,  0,  0,  0,  0,  0,  0,  0,  0,  0,  0,  0,  0,  0,  0,  0,  0,  0,  0,  0,  0,  0,  0,  0,  0,  0,  0,  0
  0,  0,  0,  0,  0,  0,  0, 52, 70, 51, 83, 68, 69, 51, 78, 64, 64, 55,  0, 50, 68, 66, 94,  0,  0,  0, 66, 55,  0,  0, 52, 51,  0, 67,  0,  0,  0,  0,  0,  0,  0,  0,  0,  0,  0,  0,  0,  0,  0,  0,  0,  0,  0,  0,  0,  0,  0,  0,  0,  0,  0,  0,  0,  0,  0,  0, 39, 72, 41,  0,142,160, 78, 70, 76, 83, 72,  0, 76, 66, 60, 53,  0,  0,  0,  0,  0,  0,  0,  0,  0,  0,  0,  0,  0,  0,  0,  0,  0,  0,  0,  0,  0,  0,  0,  0,  0,  0,  0,  0,  0
  0,  0,  0,  0,  0,  0,  0,  0, 67, 59, 42,  5,  0,  0, 65, 76, 65, 75, 59, 56, 47, 57, 77, 86,  0,  0,  0, 59,  0,  0, 74, 46, 50, 54, 65,  0,  0,  0,  0,  0,  0,  0,  0,  0,  0,  0,  0,  0,  0,  0,  0,  0,  0,  0,  0,  0,  0,  0,  0,  0,  0,  0,  0,  0, 31, 44, 59, 63,  0, 64,137, 71, 84, 86, 66,  0, 48, 65, 53, 69, 52,  0,  0,  0,  0,  0,  0,  0,  0,  0,  0,  0,  0,  0,  0,  0,  0,  0,  0,  0,  0,  0,  0,  0,  0,  0,  0,  0,  0,  0,  0
  0,  0,  0,  0,  0,  0,  0,  0, 43, 68, 69,  6,  0,  0, 77, 65, 80, 55, 63, 70, 68, 57, 51, 74, 78,  0,  0, 67,  0,  0, 62, 59, 52,  0, 47, 56,  0,  0,  0,  0,  0,  0,  0,  0,  0,  0,  0,  0,  0,  0,  0,  0,  0,  0,  0,  0,  0,  0,  0,  0,  0,  0,  0, 27, 45, 71, 60, 60, 71,157,138, 60, 56, 56,  0, 63, 80, 55, 53, 44,  0,  0,  0,  0,  0,  0,  0,  0,  0,  0,  0,  0,  0,  0,  0,  0,  0,  0,  0,  0,  0,  0,  0,  0,  0,  0,  0,  0,  0,  0,  0
  0,  0,  0,  0,  0,  0,  0,  0, 47,  0, 60, 68,  0,  0,  0, 67, 64, 78, 77, 69, 64, 81, 74,  0, 73, 76,  0,  0, 58,  0, 59, 84,  0, 61,  0, 61,  0,  0,  0,  0,  0,  0,  0,  0,  0,  0,  0,  0,  0,  0,  0,  0,  0,  0,  0,  0,  0,  0,  0,  0,  0,  0, 33, 71, 84, 74, 69, 64, 64,139, 60, 64,  0,  0, 64, 68, 55,  0,  0,  0,  0,  0,  0,  0,  0,  0,  0,  0,  0,  0,  0,  0,  0,  0,  0,  0,  0,  0,  0,  0,  0,  0,  0,  0,  0,  0,  0,  0,  0,  0,  0
  0,  0,  0,  0,  0,  0,  0,  0,  8,  9,  0, 76, 55,  0,  0,  0,  0, 69, 83,  0, 80, 82, 82, 74,  0, 58, 80, 58, 62,  0, 56, 51, 61, 53, 55, 43, 60,  0,  0,  0,  0,  0,  0,  0,  0,  0,  0,  0,  0,  0,  0,  0,  0,  0,  0,  0,  0,  0,  0,  0,  0, 64, 86, 69, 62, 69, 65, 61, 66, 90, 68,  0,  0, 69, 65, 54,  0,  0,  0,  0,  0,  0,  0,  0,  0,  0,  0,  0,  0,  0,  0,  0,  0,  0,  0,  0,  0,  0,  0,  0,  0,  0,  0,  0,  0,  0,  0,  0,  0,  0,  0
  0,  0,  0,  0,  0,  0,  0,  0,  0, 16,  3, 66, 56, 64,  0,  0,  0,  0, 70, 81, 79, 77, 72, 65, 79, 58,  0, 76, 62,  0, 50,  0, 70,  0, 61,  0, 74,  0,  0,  0,  0,  0,  0,  0,  0,  0,  0,  0,  0,  0,  0,  0,  0,  0,  0,  0,  0,  0,  0,  0, 76, 59, 72, 76, 69, 72, 69, 63,106, 68,  0, 82, 98, 64, 56,  0,  0,  0,  0,  0,  0,  0,  0,  0,  0,  0,  0,  0,  0,  0,  0,  0,  0,  0,  0,  0,  0,  0,  0,  0,  0,  0,  0,  0,  0,  0,  0,  0,  0,  0,  0
  0,  0,  0,  0,  0,  0,  0,  0,  0,  0,  7,  3, 63, 59, 60, 58,  0,  0,  0, 56, 72, 83, 64, 65, 65, 72, 69,  0, 65, 76, 71,  0, 80,  0, 52, 84,  0, 83,  0,  0,  0,  0,  0,  0,  0,  0,  0,  0,  0,  0,  0,  0,  0,  0,  0,  0,  0,  0, 59, 76, 71, 82, 70, 63, 48, 71, 80, 96, 75,  0, 79, 92, 60, 57,  0,  0,  0,  0,  0,  0,  0,  0,  0,  0,  0,  0,  0,  0,  0,  0,  0,  0,  0,  0,  0,  0,  0,  0,  0,  0,  0,  0,  0,  0,  0,  0,  0,  0,  0,  0,  0
  0,  0,  0,  0,  0,  0,  0,  0,  0,  0,  0, 32, 39, 69, 60, 57, 50,  0,  0, 71, 48, 65, 85, 80, 56, 69, 91,109, 59, 75, 69, 72, 59, 70, 77, 81, 79, 69, 70,  0,  0,  0,  0,  0,  0,  0,  0,  0,  0,  0,  0,  0,  0,  0, 54, 55, 60, 63, 75, 70, 75, 64, 67, 54, 67, 70,101, 87, 40, 80, 90, 67, 56,  0,  0,  0,  0,  0,  0,  0,  0,  0,  0,  0,  0,  0,  0,  0,  0,  0,  0,  0,  0,  0,  0,  0,  0,  0,  0,  0,  0,  0,  0,  0,  0,  0,  0,  0,  0,  0,  0
  0,  0,  0,  0,  0,  0,  0,  0,  0,  0,  0,  0,  0, 70, 51, 69, 70, 53,  0,  0, 76, 73,103, 93, 69, 94, 87,124,134, 67, 81, 71, 63, 67, 62, 75, 80, 60, 65, 60, 64, 60, 61, 72, 60, 66, 59, 74, 70, 77, 69, 68, 66, 66, 70, 68, 83, 71, 78, 69, 69,  0, 62, 65, 75, 98, 57, 45, 84, 86, 62, 78,  0,  0,  0,  0,  0,  0,  0,  0,  0,  0,  0,  0,  0,  0,  0,  0,  0,  0,  0,  0,  0,  0,  0,  0,  0,  0,  0,  0,  0,  0,  0,  0,  0,  0,  0,  0,  0,  0,  0
  0,  0,  0,  0,  0,  0,  0,  0,  0,  0,  0,  0,  0,  0,  0, 47, 61, 73, 67,  0,  0, 75, 88, 71, 43, 72, 68, 70,119,109, 71, 63, 67, 70, 65, 73, 67, 77, 83, 81, 71, 71, 72, 72, 72, 69, 62, 72, 68, 59, 57, 56, 62, 64, 64, 69, 87,  0,  0, 75, 60, 77, 69, 97,107, 84, 72, 95, 80, 55, 74,  0,  0,  0,  0,  0,  0,  0,  0,  0,  0,  0,  0,  0,  0,  0,  0,  0,  0,  0,  0,  0,  0,  0,  0,  0,  0,  0,  0,  0,  0,  0,  0,  0,  0,  0,  0,  0,  0,  0,  0
  0,  0,  0,  0,  0,  0,  0,  0,  0,  0,  0,  0,  0,  0,  0, 42, 41, 83, 98, 56, 72, 73, 56, 89, 72, 32, 69, 76, 76,114,109,104, 80,  0,  0, 67, 66, 63, 73, 66, 80,  0,  0,  0,  0, 58, 71, 57, 58, 44,  0,  0,  0, 45, 62, 74,  0,  0, 67, 90,101, 69, 72,118, 86, 81, 97,  0, 52, 72,  0,  0,  0,  0,  0,  0,  0,  0,  0,  0,  0,  0,  0,  0,  0,  0,  0,  0,  0,  0,  0,  0,  0,  0,  0,  0,  0,  0,  0,  0,  0,  0,  0,  0,  0,  0,  0,  0,  0,  0,  0
  0,  0,  0,  0,  0,  0,  0,  0,  0,  0,  0,  0,  0,  0,  0,  0,  0, 53, 56, 84,106, 74, 73, 54, 75, 55,  0,  0, 72, 23, 65, 54,125,  0,  0,  0, 62,  0, 81,  0, 73, 67, 78, 75, 58, 61,  0,  0,  0,  0,  0,  0,  0, 95,  0,  0,  0, 60, 62, 96, 81, 75,133,103,101, 88,  0, 56, 59,  0,  0,  0,  0,  0,  0,  0,  0,  0,  0,  0,  0,  0,  0,  0,  0,  0,  0,  0,  0,  0,  0,  0,  0,  0,  0,  0,  0,  0,  0,  0,  0,  0,  0,  0,  0,  0,  0,  0,  0,  0,  0
  0,  0,  0,  0,  0,  0,  0,  0,  0,  0,  0,  0,  0,  0,  0,  0,  0,  0,  0, 67, 87, 98, 62, 67, 63, 72, 53, 35, 56, 70, 81, 60,  0,136,153,  0, 49, 40, 47, 59, 56, 67,  0,  0,  0,  0,  0,  0,  0,  0,  0,  0,  0, 91,  0,  0, 66,112,126, 70, 68,131,112, 71, 78,  0, 41, 48,  0,  0,  0,  0,  0,  0,  0,  0,  0,  0,  0,  0,  0,  0,  0,  0,  0,  0,  0,  0,  0,  0,  0,  0,  0,  0,  0,  0,  0,  0,  0,  0,  0,  0,  0,  0,  0,  0,  0,  0,  0,  0,  0
  0,  0,  0,  0,  0,  0,  0,  0,  0,  0,  0,  0,  0,  0,  0,  0,  0,  0,  0,  0, 71, 52, 82, 77, 72, 77, 70, 45, 43, 76, 56, 55, 62,  0,133,133,  0, 67,  0, 57, 56, 62, 57,  0,  0,  0,  0,  0,  0,  0,  0,  0,145,  0,  0, 72, 61,  0,101, 68,131,139, 75, 83,  0, 60, 75,  0,  0,  0,  0,  0,  0,  0,  0,  0,  0,  0,  0,  0,  0,  0,  0,  0,  0,  0,  0,  0,  0,  0,  0,  0,  0,  0,  0,  0,  0,  0,  0,  0,  0,  0,  0,  0,  0,  0,  0,  0,  0,  0,  0
  0,  0,  0,  0,  0,  0,  0,  0,  0,  0,  0,  0,  0,  0,  0,  0,  0,  0,  0,  0,  0, 69, 77,109,102,102, 69, 63, 65, 43, 65, 41, 76, 37,  0,118, 96, 59, 55,  0, 50,  0, 60,  0,  0,  0,  0,  0,  0,  0,  0, 77,  1,  0, 78, 61,  0, 91, 83,129,131, 82, 68, 71, 64, 65,  0,  0,  0,  0,  0,  0,  0,  0,  0,  0,  0,  0,  0,  0,  0,  0,  0,  0,  0,  0,  0,  0,  0,  0,  0,  0,  0,  0,  0,  0,  0,  0,  0,  0,  0,  0,  0,  0,  0,  0,  0,  0,  0,  0,  0
  0,  0,  0,  0,  0,  0,  0,  0,  0,  0,  0,  0,  0,  0,  0,  0,  0,  0,  0,  0,  0,  0,  0,  0,  0, 52, 74, 74, 86, 63, 70, 49, 95, 47, 49,  0, 72,  0, 63,  0, 50, 41, 63, 58,  0,  0,  0,  0,  0,  0,  0,143,  0, 57, 62, 42, 85, 87,128,132, 97, 74,  0,  0,  0,  0,  0,  0,  0,  0,  0,  0,  0,  0,  0,  0,  0,  0,  0,  0,  0,  0,  0,  0,  0,  0,  0,  0,  0,  0,  0,  0,  0,  0,  0,  0,  0,  0,  0,  0,  0,  0,  0,  0,  0,  0,  0,  0,  0,  0,  0
  0,  0,  0,  0,  0,  0,  0,  0,  0,  0,  0,  0,  0,  0,  0,  0,  0,  0,  0,  0,  0,  0,  0,  0,  0,  0, 65, 61, 75, 83, 70, 52,105, 48, 65,  0,  0,  0,  0, 55,  0, 68,  0, 69, 57,  0,  0,105,  0,  0, 63,174,  0, 67, 65, 76, 67, 92,134, 89, 58,  0,  0,  0,  0,  0,  0,  0,  0,  0,  0,  0,  0,  0,  0,  0,  0,  0,  0,  0,  0,  0,  0,  0,  0,  0,  0,  0,  0,  0,  0,  0,  0,  0,  0,  0,  0,  0,  0,  0,  0,  0,  0,  0,  0,  0,  0,  0,  0,  0,  0
  0,  0,  0,  0,  0,  0,  0,  0,  0,  0,  0,  0,  0,  0,  0,  0,  0,  0,  0,  0,  0,  0,  0,  0,  0,  0,  0, 39, 75, 69,105, 97, 80, 78, 48, 83,  0,  0,  0, 53, 55, 46, 57,  0, 63,187,145,  0,  0, 48, 47,  0, 63, 79, 88, 94, 71,128, 83,  0,  0,  0,  0,  0,  0,  0,  0,  0,  0,  0,  0,  0,  0,  0,  0,  0,  0,  0,  0,  0,  0,  0,  0,  0,  0,  0,  0,  0,  0,  0,  0,  0,  0,  0,  0,  0,  0,  0,  0,  0,  0,  0,  0,  0,  0,  0,  0,  0,  0,  0,  0
  0,  0,  0,  0,  0,  0,  0,  0,  0,  0,  0,  0,  0,  0,  0,  0,  0,  0,  0,  0,  0,  0,  0,  0,  0,  0,  0,  0,  0, 66, 67, 63, 91,  0,  0, 15,  0,  0,  0,  0, 49,  0, 52,  0,194, 59,  0,  0, 43, 58,  0, 41, 74,101, 87, 90,130,122,  0,  0,  0,  0,  0,  0,  0,  0,  0,  0,  0,  0,  0,  0,  0,  0,  0,  0,  0,  0,  0,  0,  0,  0,  0,  0,  0,  0,  0,  0,  0,  0,  0,  0,  0,  0,  0,  0,  0,  0,  0,  0,  0,  0,  0,  0,  0,  0,  0,  0,  0,  0,  0
  0,  0,  0,  0,  0,  0,  0,  0,  0,  0,  0,  0,  0,  0,  0,  0,  0,  0,  0,  0,  0,  0,  0,  0,  0,  0,  0,  0,  0,  0, 65, 56, 55, 61,  0,  0,  0,  0,  0,  0,  0,  0,  0,196,  0, 36,  0,  0, 56,  0,  0, 58, 59, 78, 56,125, 71,  0,  0,  0,  0,  0,  0,  0,  0,  0,  0,  0,  0,  0,  0,  0,  0,  0,  0,  0,  0,  0,  0,  0,  0,  0,  0,  0,  0,  0,  0,  0,  0,  0,  0,  0,  0,  0,  0,  0,  0,  0,  0,  0,  0,  0,  0,  0,  0,  0,  0,  0,  0,  0,  0
  0,  0,  0,  0,  0,  0,  0,  0,  0,  0,  0,  0,  0,  0,  0,  0,  0,  0,  0,  0,  0,  0,  0,  0,  0,  0,  0,  0,  0,  0,  0, 67, 96, 30,  0,  0,  0,  0,  0,  0,  0,  0,  0,184,  0, 37, 66, 77,  0,  0, 37, 66, 73, 55,146,125, 74,  0,  0,  0,  0,  0,  0,  0,  0,  0,  0,  0,  0,  0,  0,  0,  0,  0,  0,  0,  0,  0,  0,  0,  0,  0,  0,  0,  0,  0,  0,  0,  0,  0,  0,  0,  0,  0,  0,  0,  0,  0,  0,  0,  0,  0,  0,  0,  0,  0,  0,  0,  0,  0,  0
  0,  0,  0,  0,  0,  0,  0,  0,  0,  0,  0,  0,  0,  0,  0,  0,  0,  0,  0,  0,  0,  0,  0,  0,  0,  0,  0,  0,  0,  0,  0,  0, 60,  6,  0,  0,  0,  0,  0,  0,  0,  0,  0, 37,  0,  0, 77, 89,  0,  0, 57, 71, 79,169,141, 79, 62,  0,  0,  0,  0,  0,  0,  0,  0,  0,  0,  0,  0,  0,  0,  0,  0,  0,  0,  0,  0,  0,  0,  0,  0,  0,  0,  0,  0,  0,  0,  0,  0,  0,  0,  0,  0,  0,  0,  0,  0,  0,  0,  0,  0,  0,  0,  0,  0,  0,  0,  0,  0,  0,  0
  0,  0,  0,  0,  0,  0,  0,  0,  0,  0,  0,  0,  0,  0,  0,  0,  0,  0,  0,  0,  0,  0,  0,  0,  0,  0,  0,  0,  0,  0,  0,  0, 75, 61, 32,  0,  0,  0,  0,  0,  0,  0,  0, 34, 44,  0, 60, 54,  0, 31, 52, 52, 59,166, 67, 63, 58,  0,  0,  0,  0,  0,  0,  0,  0,  0,  0,  0,  0,  0,  0,  0,  0,  0,  0,  0,  0,  0,  0,  0,  0,  0,  0,  0,  0,  0,  0,  0,  0,  0,  0,  0,  0,  0,  0,  0,  0,  0,  0,  0,  0,  0,  0,  0,  0,  0,  0,  0,  0,  0,  0
  0,  0,  0,  0,  0,  0,  0,  0,  0,  0,  0,  0,  0,  0,  0,  0,  0,  0,  0,  0,  0,  0,  0,  0,  0,  0,  0,  0,  0,  0,  0,  0,  0, 65,  0,  0,  0,  0,  0,  0,  0,  0,  2,  0, 31,  0, 17, 64,  0, 66, 52, 67, 54,171, 78, 64, 52,  0,  0,  0,  0,  0,  0,  0,  0,  0,  0,  0,  0,  0,  0,  0,  0,  0,  0,  0,  0,  0,  0,  0,  0,  0,  0,  0,  0,  0,  0,  0,  0,  0,  0,  0,  0,  0,  0,  0,  0,  0,  0,  0,  0,  0,  0,  0,  0,  0,  0,  0,  0,  0,  0
  0,  0,  0,  0,  0,  0,  0,  0,  0,  0,  0,  0,  0,  0,  0,  0,  0,  0,  0,  0,  0,  0,  0,  0,  0,  0,  0,  0,  0,  0,  0,  0,  0,  0,  0,  0,  0,  0,  0,  0,  0,  0,  0,  0, 35,  0, 23, 63, 52, 42, 71, 78,  0,172, 87, 61, 68,  0,  0,  0,  0,  0,  0,  0,  0,  0,  0,  0,  0,  0,  0,  0,  0,  0,  0,  0,  0,  0,  0,  0,  0,  0,  0,  0,  0,  0,  0,  0,  0,  0,  0,  0,  0,  0,  0,  0,  0,  0,  0,  0,  0,  0,  0,  0,  0,  0,  0,  0,  0,  0,  0
  0,  0,  0,  0,  0,  0,  0,  0,  0,  0,  0,  0,  0,  0,  0,  0,  0,  0,  0,  0,  0,  0,  0,  0,  0,  0,  0,  0,  0,  0,  0,  0,  0,  0,  0,  0,  0,  0,  0,  0,  0,  0, 29,  0,  0, 37, 19, 45, 53,  0, 76, 69,  0,170, 49, 69,  0,  0,  0,  0,  0,  0,  0,  0,  0,  0,  0,  0,  0,  0,  0,  0,  0,  0,  0,  0,  0,  0,  0,  0,  0,  0,  0,  0,  0,  0,  0,  0,  0,  0,  0,  0,  0,  0,  0,  0,  0,  0,  0,  0,  0,  0,  0,  0,  0,  0,  0,  0,  0,  0,  0
  0,  0,  0,  0,  0,  0,  0,  0,  0,  0,  0,  0,  0,  0,  0,  0,  0,  0,  0,  0,  0,  0,  0,  0,  0,  0,  0,  0,  0,  0,  0,  0,  0,  0,  0,  0,  0,  0,  0,  0,  0,  0,  0,  0,  0, 38, 24,  0, 64, 50, 77, 66,  0,170, 66, 54,  0,  0,  0,  0,  0,  0,  0,  0,  0,  0,  0,  0,  0,  0,  0,  0,  0,  0,  0,  0,  0,  0,  0,  0,  0,  0,  0,  0,  0,  0,  0,  0,  0,  0,  0,  0,  0,  0,  0,  0,  0,  0,  0,  0,  0,  0,  0,  0,  0,  0,  0,  0,  0,  0,  0
  0,  0,  0,  0,  0,  0,  0,  0,  0,  0,  0,  0,  0,  0,  0,  0,  0,  0,  0,  0,  0,  0,  0,  0,  0,  0,  0,  0,  0,  0,  0,  0,  0,  0,  0,  0,  0,  0,  0,  0,  0,  0,  0,  0,  0,  0, 59,  0, 55, 75, 80,  0,  0,166, 64, 69,  0,  0,  0,  0,  0,  0,  0,  0,  0,  0,  0,  0,  0,  0,  0,  0,  0,  0,  0,  0,  0,  0,  0,  0,  0,  0,  0,  0,  0,  0,  0,  0,  0,  0,  0,  0,  0,  0,  0,  0,  0,  0,  0,  0,  0,  0,  0,  0,  0,  0,  0,  0,  0,  0,  0
  0,  0,  0,  0,  0,  0,  0,  0,  0,  0,  0,  0,  0,  0,  0,  0,  0,  0,  0,  0,  0,  0,  0,  0,  0,  0,  0,  0,  0,  0,  0,  0,  0,  0,  0,  0,  0,  0,  0,  0,  0,  0,  0,  0,  0,  0, 80, 49, 53, 67, 79,  0,  0,172, 61, 50,  0,  0,  0,  0,  0,  0,  0,  0,  0,  0,  0,  0,  0,  0,  0,  0,  0,  0,  0,  0,  0,  0,  0,  0,  0,  0,  0,  0,  0,  0,  0,  0,  0,  0,  0,  0,  0,  0,  0,  0,  0,  0,  0,  0,  0,  0,  0,  0,  0,  0,  0,  0,  0,  0,  0
  0,  0,  0,  0,  0,  0,  0,  0,  0,  0,  0,  0,  0,  0,  0,  0,  0,  0,  0,  0,  0,  0,  0,  0,  0,  0,  0,  0,  0,  0,  0,  0,  0,  0,  0,  0,  0,  0,  0,  0,  0,  0,  0,  0,  0,  0, 83, 51,  0, 68, 72,  0,149,150,  0, 39, 19,  0,  0,  0,  0,  0,  0,  0,  0,  0,  0,  0,  0,  0,  0,  0,  0,  0,  0,  0,  0,  0,  0,  0,  0,  0,  0,  0,  0,  0,  0,  0,  0,  0,  0,  0,  0,  0,  0,  0,  0,  0,  0,  0,  0,  0,  0,  0,  0,  0,  0,  0,  0,  0,  0
  0,  0,  0,  0,  0,  0,  0,  0,  0,  0,  0,  0,  0,  0,  0,  0,  0,  0,  0,  0,  0,  0,  0,  0,  0,  0,  0,  0,  0,  0,  0,  0,  0,  0,  0,  0,  0,  0,  0,  0,  0,  0,  0,  0,  0,  0, 86, 62, 69, 68, 76,  0,153, 54,  0,  0, 30,  0,  0,  0,  0,  0,  0,  0,  0,  0,  0,  0,  0,  0,  0,  0,  0,  0,  0,  0,  0,  0,  0,  0,  0,  0,  0,  0,  0,  0,  0,  0,  0,  0,  0,  0,  0,  0,  0,  0,  0,  0,  0,  0,  0,  0,  0,  0,  0,  0,  0,  0,  0,  0,  0
  0,  0,  0,  0,  0,  0,  0,  0,  0,  0,  0,  0,  0,  0,  0,  0,  0,  0,  0,  0,  0,  0,  0,  0,  0,  0,  0,  0,  0,  0,  0,  0,  0,  0,  0,  0,  0,  0,  0,  0,  0,  0,  0,  0,  0,  0, 70, 87, 69, 64, 50,  0,138, 57,  0,  0, 21,  0,  0,  0,  0,  0,  0,  0,  0,  0,  0,  0,  0,  0,  0,  0,  0,  0,  0,  0,  0,  0,  0,  0,  0,  0,  0,  0,  0,  0,  0,  0,  0,  0,  0,  0,  0,  0,  0,  0,  0,  0,  0,  0,  0,  0,  0,  0,  0,  0,  0,  0,  0,  0,  0
  0,  0,  0,  0,  0,  0,  0,  0,  0,  0,  0,  0,  0,  0,  0,  0,  0,  0,  0,  0,  0,  0,  0,  0,  0,  0,  0,  0,  0,  0,  0,  0,  0,  0,  0,  0,  0,  0,  0,  0,  0,  0,  0,  0,  0,  0,  0, 60, 61, 51,  0,  0,110, 57,  0,  0,  0,  0,  0,  0,  0,  0,  0,  0,  0,  0,  0,  0,  0,  0,  0,  0,  0,  0,  0,  0,  0,  0,  0,  0,  0,  0,  0,  0,  0,  0,  0,  0,  0,  0,  0,  0,  0,  0,  0,  0,  0,  0,  0,  0,  0,  0,  0,  0,  0,  0,  0,  0,  0,  0,  0
  0,  0,  0,  0,  0,  0,  0,  0,  0,  0,  0,  0,  0,  0,  0,  0,  0,  0,  0,  0,  0,  0,  0,  0,  0,  0,  0,  0,  0,  0,  0,  0,  0,  0,  0,  0,  0,  0,  0,  0,  0,  0,  0,  0,  0,  0,  0, 39,118, 30, 31,  0, 56,  0,  0,  0,  0,  0,  0,  0,  0,  0,  0,  0,  0,  0,  0,  0,  0,  0,  0,  0,  0,  0,  0,  0,  0,  0,  0,  0,  0,  0,  0,  0,  0,  0,  0,  0,  0,  0,  0,  0,  0,  0,  0,  0,  0,  0,  0,  0,  0,  0,  0,  0,  0,  0,  0,  0,  0,  0,  0
  0,  0,  0,  0,  0,  0,  0,  0,  0,  0,  0,  0,  0,  0,  0,  0,  0,  0,  0,  0,  0,  0,  0,  0,  0,  0,  0,  0,  0,  0,  0,  0,  0,  0,  0,  0,  0,  0,  0,  0,  0,  0,  0,  0,  0,  0,  0,  0, 80,  0,  0,  0, 32,  0,  0,  0,  0,  0,  0,  0,  0,  0,  0,  0,  0,  0,  0,  0,  0,  0,  0,  0,  0,  0,  0,  0,  0,  0,  0,  0,  0,  0,  0,  0,  0,  0,  0,  0,  0,  0,  0,  0,  0,  0,  0,  0,  0,  0,  0,  0,  0,  0,  0,  0,  0,  0,  0,  0,  0,  0,  0
  0,  0,  0,  0,  0,  0,  0,  0,  0,  0,  0,  0,  0,  0,  0,  0,  0,  0,  0,  0,  0,  0,  0,  0,  0,  0,  0,  0,  0,  0,  0,  0,  0,  0,  0,  0,  0,  0,  0,  0,  0,  0,  0,  0,  0,  0,  0,  0, 70,  0,  0,  0,  0,  0,  0,  0,  0,  0,  0,  0,  0,  0,  0,  0,  0,  0,  0,  0,  0,  0,  0,  0,  0,  0,  0,  0,  0,  0,  0,  0,  0,  0,  0,  0,  0,  0,  0,  0,  0,  0,  0,  0,  0,  0,  0,  0,  0,  0,  0,  0,  0,  0,  0,  0,  0,  0,  0,  0,  0,  0,  0
  0,  0,  0,  0,  0,  0,  0,  0,  0,  0,  0,  0,  0,  0,  0,  0,  0,  0,  0,  0,  0,  0,  0,  0,  0,  0,  0,  0,  0,  0,  0,  0,  0,  0,  0,  0,  0,  0,  0,  0,  0,  0,  0,  0,  0,  0,  0,  0,  0,  0,  0,  0,  0,  0,  0,  0,  0,  0,  0,  0,  0,  0,  0,  0,  0,  0,  0,  0,  0,  0,  0,  0,  0,  0,  0,  0,  0,  0,  0,  0,  0,  0,  0,  0,  0,  0,  0,  0,  0,  0,  0,  0,  0,  0,  0,  0,  0,  0,  0,  0,  0,  0,  0,  0,  0,  0,  0,  0,  0,  0,  0
  0,  0,  0,  0,  0,  0,  0,  0,  0,  0,  0,  0,  0,  0,  0,  0,  0,  0,  0,  0,  0,  0,  0,  0,  0,  0,  0,  0,  0,  0,  0,  0,  0,  0,  0,  0,  0,  0,  0,  0,  0,  0,  0,  0,  0,  0,  0,  0,  0,  0,  0,  0,  0,  0,  0,  0,  0,  0,  0,  0,  0,  0,  0,  0,  0,  0,  0,  0,  0,  0,  0,  0,  0,  0,  0,  0,  0,  0,  0,  0,  0,  0,  0,  0,  0,  0,  0,  0,  0,  0,  0,  0,  0,  0,  0,  0,  0,  0,  0,  0,  0,  0,  0,  0,  0,  0,  0,  0,  0,  0,  0
